Workbook

Sheet Обновлённые данные
J1: Лекции | K1: Практ. | L1: Лаб.р. | M1: конс. | N1: экз | O1: диф.зач | P1: зач | Q1: курсов.р | R1: ГЭК (защита) | S1: ГЭК (экзамен) | T1: Контроль | U1: Практики | V1: Рук-во | AC1: учебный год | AD1: 2015/2016 | AH1: 2016/2017 | AL1: 2017/2018 | AP1: 2018/2019 | AT1: 2019/2020 | AX1: 2020/2021 | BB1: 2021/2022 | BG1: Стандарт часов по должностям | BJ1: Абдуллаева Любовь Магомедовна | BK1: Абрамян Геннадий Владимирович | BL1: Авксентьева Елена Юрьевна | BM1: Акимов Станислав Сергеевич | BN1: Аксютин Павел Александрович | BO1: Атаян Ануш Михайловна | BP1: Байгузева Александра Петровна | BQ1: Барченко Сергей Алексеевич | BR1: Бендюкова Татьяна Савельевна | BS1: Богатова Елена Владимировна | BT1: Бочковская Виктория Леонидовна | BU1: Васильев Сергей Васильевич | BV1: Василькова Ирина Генриховна | BW1: Васютина Ирина Павловна | BX1: Власов Дмитрий Викторович | BY1: Власова Елена Зотиковна | BZ1: Воробьев Владимир Иванович | CA1: Гасумянц Виталий Эдуардович | CB1: Гончарко Дмитрий Николаевич | CC1: Гончарова Светлана Викторовна | CD1: Государев Илья Борисович | CE1: Готская Ирина Борисовна | CF1: Дулин Юрий Николаевич | CG1: Еремина Нелли Владимировна | CH1: Ерошкина Ольга Николаевна | CI1: Есипова Александра Анатольевна | CJ1: Жаркой Александр Борисович | CK1: Жуков Николай Николаевич | CL1: Жукова Татьяна Викторовна | CM1: Земляницин Владимир Александрович | CN1: Зюкин Анатолий Васильевич | CO1: Иванов Георгий Владимирович | CP1: Иванова Екатерина Алексеевна | CQ1: Ильина Татьяна Сергеевна | CR1: Карпова Наталья Александровна | CS1: Качоровская Анна Евгеньевна | CT1: Колдунов Андрей Витальевич | CU1: Кондаков Юрий Евгеньевич | CV1: Копыльцов Александр Васильевич | CW1: Косова Ирина Святославна | CX1: Кравченко Наталия Николаевна | CY1: Кудрявцева Наталья Фаддеевна | CZ1: Кужельная Оксана Владимировна | DA1: Кузнецова Надежда Леонидовна | DB1: Лапина Ирина Александровна | DC1: Левина Ирина Николаевна | DD1: Лужков Александр Альбертович | DE1: Любимов Александр Владимирович | DF1: Маслов Вадим Владимирович | DG1: Матюшичев Илья Юрьевич | DH1: Михайлов Александр Борисович | DI1: Николаева Наталья Викторовна | DJ1: Пальтиель Лев Романович | DK1: Пантелеева Людмила Валентиновна | DL1: Певзнер Игорь Михайлович | DM1: Пентина Анна Юрьевна | DN1: Полякова Наталия Александровна | DO1: Порязь Надежда Вадимовна | DP1: Поспелов Михаил Владимирович | DQ1: Пую Юлия Валерьевна | DR1: Разуваев Николай Викторович | DS1: Райкова Вера Алексеевна | DT1: Рудаков Леонид Ильич | DU1: Серегин Александр Николаевич | DV1: Серегин Павел Павлович | DW1: Силантьев Евгений Евгеньевич | DX1: Смирнов Александр Михайлович | DY1: Тарамжина Людмила Витольдовна | DZ1: Тихонова Анастасия Михайловна | EA1: Хахалина Марина Сергеевна | EB1: Хинич Иосиф Исаакович | EC1: Шалденкова Анна Владимировна | ED1: Шангин Андрей Борисович | EE1: Швецкий Михаил Владимирович | EF1: Швинк Лоренс Ричард
BI2: =SUM(BJ2:EF2,,CS15) -> 43.713838 | BJ2: =SUM(BJ$3:BJ$880) -> 0.15560784 | BK2: =SUM(BK$3:BK$880) -> 2.4306493 | BL2: =SUM(BL$3:BL$880) -> 2.587418 | BM2: =SUM(BM$3:BM$880) -> 0.11064286 | BN2: =SUM(BN$3:BN$880) -> 1.0384889 | BO2: =SUM(BO$3:BO$880) -> 1.3800113 | BP2: =SUM(BP$3:BP$880) -> 0.07675 | BQ2: =SUM(BQ$3:BQ$880) -> 0.054666667 | ... EH2: =SUM(EH$3:EH$880) -> 0
A3: Код УП | B3: Год нагрузки | C3: Кафедра | D3: ФИО | E3: Степень | F3: Должность | G3: Ставка | H3: Код РУП | I3: Дисциплина / практика / ВКР / ГИА | J3: Часы | W3: Студ. | X3: Количество групп | Y3: Количество подгрупп | Z3: Специальность | AA3: Вид нагрузки | AC3: курс | AD3: 1 | AE3: 2 | AF3: 3 | AG3: 4 | AH3: 1 | AI3: 2 | AJ3: 3 | AK3: 4 | AL3: 1 | AM3: 2 | AN3: 3 | AO3: 4 | AP3: 1 | AQ3: 2 | AR3: 3 | AS3: 4 | AT3: 1 | AU3: 2 | AV3: 3 | AW3: 4 | AX3: 1 | AY3: 2 | AZ3: 3 | BA3: 4 | BB3: 1 | BC3: 2 | BD3: 3 | BE3: 4 | BG3: Должность | BH3: Часы | BJ3: =IF(BJ$1=$D5,'Данные, контроль'!$AF4,0) -> 0 | BK3: =IF(BK$1=$D5,'Данные, контроль'!$AF4,0) -> 0.2366625 | BL3: =IF(BL$1=$D5,'Данные, контроль'!$AF4,0) -> 0 | BM3: =IF(BM$1=$D5,'Данные, контроль'!$AF4,0) -> 0 | BN3: =IF(BN$1=$D5,'Данные, контроль'!$AF4,0) -> 0 | BO3: =IF(BO$1=$D5,'Данные, контроль'!$AF4,0) -> 0 | BP3: =IF(BP$1=$D5,'Данные, контроль'!$AF4,0) -> 0 | BQ3: =IF(BQ$1=$D5,'Данные, контроль'!$AF4,0) -> 0 | ... EH3: =IF(EH$1=$D5,'Данные, контроль'!$AF4,0) -> 0
A4: 3250 | B4: 2015 | C4: компьютерных технологий и электронного обучения | D4: Абдуллаева Любовь Магомедовна | E4: кандидат педагогических наук | F4: доцент | G4: 1 | H4: 13809 | I4: Информатика | J4: =[1]Данные!J3 -> 34 | K4: =[1]Данные!K3 -> 0 | L4: =[1]Данные!L3 -> 102 | M4: =(J4 + K4 + L4)*0.1 -> 13.6 | N4: =2+(0.33*W4) -> 12.23 | O4: =0.25*W4 -> 7.75 | P4: =0.25*W4 -> 7.75 | Q4: =[1]Данные!Q3 -> 0 | R4: =[1]Данные!R3 -> 0 | S4: =[1]Данные!S3 -> 0 | T4: =[1]Данные!T3 -> 12 | U4: =[1]Данные!U3 -> 0 | V4: =[1]Данные!V3 -> 0 | W4: =[1]Данные!W3 -> 31 | X4: =[1]Данные!X3 -> 2 | ... Z4: =[1]Данные!Z3 -> 0 | AA4: осн | AC4: год поступления | AD4: 2015 | AE4: 2014 | AF4: 2013 | AG4: 2012 | AH4: 2016 | AI4: 2015 | AJ4: 2014 | AK4: 2013 | AL4: 2017 | AM4: 2016 | AN4: 2015 | AO4: 2014 | AP4: 2018 | AQ4: 2017 | AR4: 2016 | AS4: 2015 | AT4: 2019 | AU4: 2018 | AV4: 2017 | AW4: 2016 | AX4: 2020 | AY4: 2019 | AZ4: 2018 | BA4: 2017 | BB4: 2021 | BC4: 2020 | BD4: 2019 | BE4: 2018 | BG4: заведующий кафедрой | BH4: 700 | BJ4: =IF(BJ$1=$D6,'Данные, контроль'!$AF5,0) -> 0 | BK4: =IF(BK$1=$D6,'Данные, контроль'!$AF5,0) -> 0 | BL4: =IF(BL$1=$D6,'Данные, контроль'!$AF5,0) -> 0.13626667 | BM4: =IF(BM$1=$D6,'Данные, контроль'!$AF5,0) -> 0 | BN4: =IF(BN$1=$D6,'Данные, контроль'!$AF5,0) -> 0 | BO4: =IF(BO$1=$D6,'Данные, контроль'!$AF5,0) -> 0 | BP4: =IF(BP$1=$D6,'Данные, контроль'!$AF5,0) -> 0 | BQ4: =IF(BQ$1=$D6,'Данные, контроль'!$AF5,0) -> 0 | ... EH4: =IF(EH$1=$D6,'Данные, контроль'!$AF5,0) -> 0
A5: 4276 | B5: 2015 | C5: компьютерных технологий и электронного обучения | D5: Абрамян Геннадий Владимирович | E5: доктор педагогических наук | F5: профессор | G5: 1 | H5: 13818 | I5: Информационное обеспечение технологического образования. Применение Интернет-технологий в технологическом образовании | J5: =[1]Данные!J4 -> 18 | K5: =[1]Данные!K4 -> 0 | L5: =[1]Данные!L4 -> 54 | M5: =(J5 + K5 + L5)*0.1 -> 7.2 | N5: =2+(0.33*W5) -> 2 | O5: =0.25*W5 -> 0 | P5: =0.25*W5 -> 0 | Q5: =[1]Данные!Q4 -> 0 | R5: =[1]Данные!R4 -> 0 | S5: =[1]Данные!S4 -> 0 | T5: =[1]Данные!T4 -> 21 | U5: =[1]Данные!U4 -> 0 | V5: =[1]Данные!V4 -> 0 | W5: =[1]Данные!W4 -> 0 | X5: =[1]Данные!X4 -> 0 | ... Z5: =[1]Данные!Z4 -> 0 | AA5: осн | AC5: Бакалавры (ИВТ) | AD5: =[1]Данные!AD4 -> 14014 | AE5: =[1]Данные!AE4 -> 52346 | AF5: =[1]Данные!AF4 -> 8775 | AG5: =[1]Данные!AG4 -> 37233 | AH5: =[1]Данные!AH4 -> 15177 | AI5: =[1]Данные!AI4 -> 13809 | AJ5: =[1]Данные!AJ4 -> 25386 | AK5: =[1]Данные!AK4 -> 27453 | ... BE5: =[1]Данные!BE4 -> 4 курс 2018 год/пост | BG5: профессор | BH5: 750 | BJ5: =IF(BJ$1=$D7,'Данные, контроль'!$AF6,0) -> 0 | BK5: =IF(BK$1=$D7,'Данные, контроль'!$AF6,0) -> 0 | BL5: =IF(BL$1=$D7,'Данные, контроль'!$AF6,0) -> 0 | BM5: =IF(BM$1=$D7,'Данные, контроль'!$AF6,0) -> 0 | BN5: =IF(BN$1=$D7,'Данные, контроль'!$AF6,0) -> 0 | BO5: =IF(BO$1=$D7,'Данные, контроль'!$AF6,0) -> 0 | BP5: =IF(BP$1=$D7,'Данные, контроль'!$AF6,0) -> 0 | BQ5: =IF(BQ$1=$D7,'Данные, контроль'!$AF6,0) -> 0 | ... EH5: =IF(EH$1=$D7,'Данные, контроль'!$AF6,0) -> 0
A6: 4276 | B6: 2015 | C6: компьютерных технологий и электронного обучения | D6: Авксентьева Елена Юрьевна | E6: кандидат педагогических наук | F6: доцент | G6: 1 | H6: 13818 | I6: Информационные технологии | J6: =[1]Данные!J5 -> 0 | K6: =[1]Данные!K5 -> 0 | L6: =[1]Данные!L5 -> 0 | M6: =(J6 + K6 + L6)*0.1 -> 0 | N6: =2+(0.33*W6) -> 6.29 | O6: =0.25*W6 -> 3.25 | P6: =0.25*W6 -> 3.25 | Q6: =[1]Данные!Q5 -> 0 | R6: =[1]Данные!R5 -> 0 | S6: =[1]Данные!S5 -> 0 | T6: =[1]Данные!T5 -> 15 | U6: =[1]Данные!U5 -> 0 | V6: =[1]Данные!V5 -> 0 | W6: =[1]Данные!W5 -> 13 | X6: =[1]Данные!X5 -> 2 | ... Z6: =[1]Данные!Z5 -> 0 | AA6: осн | AC6: Магистры (КЭО) | AD6: =[1]Данные!AD5 -> 86354 | AE6: =[1]Данные!AE5 -> 80249 | AF6: =[1]Данные!AF5 -> 1 | AG6: =[1]Данные!AG5 -> 1 | AH6: =[1]Данные!AH5 -> 19404 | AI6: =[1]Данные!AI5 -> 19403 | AJ6: =[1]Данные!AJ5 -> 1 | AK6: =[1]Данные!AK5 -> 1 | ... BE6: =[1]Данные!BE5 -> 0 | BG6: доцент | BH6: 800 | BJ6: =IF(BJ$1=$D8,'Данные, контроль'!$AF7,0) -> 0 | BK6: =IF(BK$1=$D8,'Данные, контроль'!$AF7,0) -> 0 | BL6: =IF(BL$1=$D8,'Данные, контроль'!$AF7,0) -> 0 | BM6: =IF(BM$1=$D8,'Данные, контроль'!$AF7,0) -> 0 | BN6: =IF(BN$1=$D8,'Данные, контроль'!$AF7,0) -> 0 | BO6: =IF(BO$1=$D8,'Данные, контроль'!$AF7,0) -> 0 | BP6: =IF(BP$1=$D8,'Данные, контроль'!$AF7,0) -> 0 | BQ6: =IF(BQ$1=$D8,'Данные, контроль'!$AF7,0) -> 0 | ... EH6: =IF(EH$1=$D8,'Данные, контроль'!$AF7,0) -> 0
A7: 4276 | B7: 2015 | C7: компьютерных технологий и электронного обучения | D7: Гончарова Светлана Викторовна | E7: кандидат педагогических наук | F7: доцент | G7: 1 | H7: 13818 | I7: Информационные технологии | J7: =[1]Данные!J6 -> 9 | K7: =[1]Данные!K6 -> 32 | L7: =[1]Данные!L6 -> 0 | M7: =(J7 + K7 + L7)*0.1 -> 4.1 | N7: =2+(0.33*W7) -> 6.29 | O7: =0.25*W7 -> 3.25 | P7: =0.25*W7 -> 3.25 | Q7: =[1]Данные!Q6 -> 0 | R7: =[1]Данные!R6 -> 0 | S7: =[1]Данные!S6 -> 0 | T7: =[1]Данные!T6 -> 3 | U7: =[1]Данные!U6 -> 0 | V7: =[1]Данные!V6 -> 0 | W7: =[1]Данные!W6 -> 13 | X7: =[1]Данные!X6 -> 2 | ... Z7: =[1]Данные!Z6 -> 0 | AA7: осн | BG7: старший преподаватель | BH7: 850 | BJ7: =IF(BJ$1=$D9,'Данные, контроль'!$AF8,0) -> 0 | BK7: =IF(BK$1=$D9,'Данные, контроль'!$AF8,0) -> 0 | BL7: =IF(BL$1=$D9,'Данные, контроль'!$AF8,0) -> 0 | BM7: =IF(BM$1=$D9,'Данные, контроль'!$AF8,0) -> 0 | BN7: =IF(BN$1=$D9,'Данные, контроль'!$AF8,0) -> 0 | BO7: =IF(BO$1=$D9,'Данные, контроль'!$AF8,0) -> 0 | BP7: =IF(BP$1=$D9,'Данные, контроль'!$AF8,0) -> 0 | BQ7: =IF(BQ$1=$D9,'Данные, контроль'!$AF8,0) -> 0 | ... EH7: =IF(EH$1=$D9,'Данные, контроль'!$AF8,0) -> 0
A8: 4276 | B8: 2015 | C8: компьютерных технологий и электронного обучения | D8: Ильина Татьяна Сергеевна | E8: нет | F8: старший преподаватель | G8: 1 | H8: 13818 | I8: Информационные технологии | J8: =[1]Данные!J7 -> 0 | K8: =[1]Данные!K7 -> 64 | L8: =[1]Данные!L7 -> 0 | M8: =(J8 + K8 + L8)*0.1 -> 6.4 | N8: =2+(0.33*W8) -> 2 | O8: =0.25*W8 -> 0 | P8: =0.25*W8 -> 0 | Q8: =[1]Данные!Q7 -> 0 | R8: =[1]Данные!R7 -> 0 | S8: =[1]Данные!S7 -> 0 | T8: =[1]Данные!T7 -> 3 | U8: =[1]Данные!U7 -> 0 | V8: =[1]Данные!V7 -> 0 | W8: =[1]Данные!W7 -> 0 | X8: =[1]Данные!X7 -> 0 | ... Z8: =[1]Данные!Z7 -> 0 | AA8: осн | BG8: ассистент | BH8: 900 | BJ8: =IF(BJ$1=$D10,'Данные, контроль'!$AF9,0) -> 0 | BK8: =IF(BK$1=$D10,'Данные, контроль'!$AF9,0) -> 0 | BL8: =IF(BL$1=$D10,'Данные, контроль'!$AF9,0) -> 0 | BM8: =IF(BM$1=$D10,'Данные, контроль'!$AF9,0) -> 0 | BN8: =IF(BN$1=$D10,'Данные, контроль'!$AF9,0) -> 0 | BO8: =IF(BO$1=$D10,'Данные, контроль'!$AF9,0) -> 0 | BP8: =IF(BP$1=$D10,'Данные, контроль'!$AF9,0) -> 0 | BQ8: =IF(BQ$1=$D10,'Данные, контроль'!$AF9,0) -> 0 | ... EH8: =IF(EH$1=$D10,'Данные, контроль'!$AF9,0) -> 0
A9: 4276 | B9: 2016 | C9: компьютерных технологий и электронного обучения | D9: Готская Ирина Борисовна | E9: доктор педагогических наук | F9: профессор | G9: 1 | H9: 14784 | I9: Информационное обеспечение технологического образования. Применение электронных образовательных ресурсов в технологическом образовании | J9: =[1]Данные!J8 -> 32 | K9: =[1]Данные!K8 -> 0 | L9: =[1]Данные!L8 -> 120 | M9: =(J9 + K9 + L9)*0.1 -> 15.2 | N9: =2+(0.33*W9) -> 2 | O9: =0.25*W9 -> 0 | P9: =0.25*W9 -> 0 | Q9: =[1]Данные!Q8 -> 0 | R9: =[1]Данные!R8 -> 0 | S9: =[1]Данные!S8 -> 0 | T9: =[1]Данные!T8 -> 21 | U9: =[1]Данные!U8 -> 0 | V9: =[1]Данные!V8 -> 0 | W9: =[1]Данные!W8 -> 0 | X9: =[1]Данные!X8 -> 0 | ... Z9: =[1]Данные!Z8 -> 0 | AA9: осн | AC9: учебный год | AD9: 2015/2016 | AH9: 2016/2017 | AL9: 2017/2018 | AP9: 2018/2019 | AT9: 2019/2020 | AX9: 2020/2021 | BB9: 2021/2022 | BG9: эксперт-программист | BH9: 900 | BJ9: =IF(BJ$1=$D11,'Данные, контроль'!$AF10,0) -> 0 | BK9: =IF(BK$1=$D11,'Данные, контроль'!$AF10,0) -> 0.1288 | BL9: =IF(BL$1=$D11,'Данные, контроль'!$AF10,0) -> 0 | BM9: =IF(BM$1=$D11,'Данные, контроль'!$AF10,0) -> 0 | BN9: =IF(BN$1=$D11,'Данные, контроль'!$AF10,0) -> 0 | BO9: =IF(BO$1=$D11,'Данные, контроль'!$AF10,0) -> 0 | BP9: =IF(BP$1=$D11,'Данные, контроль'!$AF10,0) -> 0 | BQ9: =IF(BQ$1=$D11,'Данные, контроль'!$AF10,0) -> 0 | ... EH9: =IF(EH$1=$D11,'Данные, контроль'!$AF10,0) -> 0
A10: 4276 | B10: 2017 | C10: компьютерных технологий и электронного обучения | D10: Готская Ирина Борисовна | E10: доктор педагогических наук | F10: профессор | G10: 1 | H10: 16006 | I10: Информационное обеспечение технологического образования. Информационное обеспечение инновационной технологической деятельности | J10: =[1]Данные!J9 -> 16 | K10: =[1]Данные!K9 -> 0 | L10: =[1]Данные!L9 -> 60 | M10: =(J10 + K10 + L10)*0.1 -> 7.6 | N10: =2+(0.33*W10) -> 2 | O10: =0.25*W10 -> 0 | P10: =0.25*W10 -> 0 | Q10: =[1]Данные!Q9 -> 0 | R10: =[1]Данные!R9 -> 0 | S10: =[1]Данные!S9 -> 0 | T10: =[1]Данные!T9 -> 11 | U10: =[1]Данные!U9 -> 0 | V10: =[1]Данные!V9 -> 0 | W10: =[1]Данные!W9 -> 0 | X10: =[1]Данные!X9 -> 0 | ... Z10: =[1]Данные!Z9 -> 0 | AA10: осн | AC10: курс | AD10: 1 | AE10: 2 | AF10: 3 | AG10: 4 | AH10: 1 | AI10: 2 | AJ10: 3 | AK10: 4 | AL10: 1 | AM10: 2 | AN10: 3 | AO10: 4 | AP10: 1 | AQ10: 2 | AR10: 3 | AS10: 4 | AT10: 1 | AU10: 2 | AV10: 3 | AW10: 4 | AX10: 1 | AY10: 2 | AZ10: 3 | BA10: 4 | BB10: 1 | BC10: 2 | BD10: 3 | BE10: 4 | BG10: и.о.доцент | BH10: 900 | BJ10: =IF(BJ$1=$D12,'Данные, контроль'!$AF11,0) -> 0 | BK10: =IF(BK$1=$D12,'Данные, контроль'!$AF11,0) -> 0.12293333 | BL10: =IF(BL$1=$D12,'Данные, контроль'!$AF11,0) -> 0 | BM10: =IF(BM$1=$D12,'Данные, контроль'!$AF11,0) -> 0 | BN10: =IF(BN$1=$D12,'Данные, контроль'!$AF11,0) -> 0 | BO10: =IF(BO$1=$D12,'Данные, контроль'!$AF11,0) -> 0 | BP10: =IF(BP$1=$D12,'Данные, контроль'!$AF11,0) -> 0 | BQ10: =IF(BQ$1=$D12,'Данные, контроль'!$AF11,0) -> 0 | ... EH10: =IF(EH$1=$D12,'Данные, контроль'!$AF11,0) -> 0
A11: 4277 | B11: 2017 | C11: компьютерных технологий и электронного обучения | D11: Абрамян Геннадий Владимирович | E11: доктор педагогических наук | F11: профессор | G11: 1 | H11: 16005 | I11: Мультимедиа технологии и компьютерная графика | J11: =[1]Данные!J10 -> 18 | K11: =[1]Данные!K10 -> 0 | L11: =[1]Данные!L10 -> 54 | M11: =(J11 + K11 + L11)*0.1 -> 7.2 | N11: =2+(0.33*W11) -> 2 | O11: =0.25*W11 -> 0 | P11: =0.25*W11 -> 0 | Q11: =[1]Данные!Q10 -> 0 | R11: =[1]Данные!R10 -> 0 | S11: =[1]Данные!S10 -> 0 | T11: =[1]Данные!T10 -> 11 | U11: =[1]Данные!U10 -> 0 | V11: =[1]Данные!V10 -> 0 | W11: =[1]Данные!W10 -> 0 | X11: =[1]Данные!X10 -> 0 | ... Z11: =[1]Данные!Z10 -> 0 | AA11: осн | AC11: год поступления | AD11: 2015 | AE11: 2014 | AF11: 2013 | AG11: 2012 | AH11: 2016 | AI11: 2015 | AJ11: 2014 | AK11: 2013 | AL11: 2017 | AM11: 2016 | AN11: 2015 | AO11: 2014 | AP11: 2018 | AQ11: 2017 | AR11: 2016 | AS11: 2015 | AT11: 2019 | AU11: 2018 | AV11: 2017 | AW11: 2016 | AX11: 2020 | AY11: 2019 | AZ11: 2018 | BA11: 2017 | BB11: 2021 | BC11: 2020 | BD11: 2019 | BE11: 2018 | BG11: внешний | BH11: 900 | BJ11: =IF(BJ$1=$D13,'Данные, контроль'!$AF12,0) -> 0 | BK11: =IF(BK$1=$D13,'Данные, контроль'!$AF12,0) -> 0 | BL11: =IF(BL$1=$D13,'Данные, контроль'!$AF12,0) -> 0 | BM11: =IF(BM$1=$D13,'Данные, контроль'!$AF12,0) -> 0 | BN11: =IF(BN$1=$D13,'Данные, контроль'!$AF12,0) -> 0 | BO11: =IF(BO$1=$D13,'Данные, контроль'!$AF12,0) -> 0 | BP11: =IF(BP$1=$D13,'Данные, контроль'!$AF12,0) -> 0 | BQ11: =IF(BQ$1=$D13,'Данные, контроль'!$AF12,0) -> 0 | ... EH11: =IF(EH$1=$D13,'Данные, контроль'!$AF12,0) -> 0
A12: 4277 | B12: 2018 | C12: компьютерных технологий и электронного обучения | D12: Абрамян Геннадий Владимирович | E12: доктор педагогических наук | F12: профессор | G12: 1 | H12: 17336 | I12: Мультимедиа технологии и компьютерная графика | J12: =[1]Данные!J11 -> 0 | K12: =[1]Данные!K11 -> 0 | L12: =[1]Данные!L11 -> 36 | M12: =(J12 + K12 + L12)*0.1 -> 3.6 | N12: =2+(0.33*W12) -> 2 | O12: =0.25*W12 -> 0 | P12: =0.25*W12 -> 0 | Q12: =[1]Данные!Q11 -> 0 | R12: =[1]Данные!R11 -> 0 | S12: =[1]Данные!S11 -> 0 | T12: =[1]Данные!T11 -> 11 | U12: =[1]Данные!U11 -> 0 | V12: =[1]Данные!V11 -> 0 | W12: =[1]Данные!W11 -> 0 | X12: =[1]Данные!X11 -> 0 | ... Z12: =[1]Данные!Z11 -> 0 | AA12: осн | AC12: Бакалавры (ИВТ) | AD12: =[1]Данные!AD11 -> 13 | AE12: =[1]Данные!AE11 -> 15 | AF12: =[1]Данные!AF11 -> 34 | AG12: =[1]Данные!AG11 -> 54 | AH12: =[1]Данные!AH11 -> 27 | AI12: =[1]Данные!AI11 -> 31 | AJ12: =[1]Данные!AJ11 -> 12 | AK12: =[1]Данные!AK11 -> 23 | ... BE12: =[1]Данные!BE11 -> 39 | BG12: должность | BH12: 1 | BJ12: =IF(BJ$1=$D14,'Данные, контроль'!$AF13,0) -> 0 | BK12: =IF(BK$1=$D14,'Данные, контроль'!$AF13,0) -> 0.066375 | BL12: =IF(BL$1=$D14,'Данные, контроль'!$AF13,0) -> 0 | BM12: =IF(BM$1=$D14,'Данные, контроль'!$AF13,0) -> 0 | BN12: =IF(BN$1=$D14,'Данные, контроль'!$AF13,0) -> 0 | BO12: =IF(BO$1=$D14,'Данные, контроль'!$AF13,0) -> 0 | BP12: =IF(BP$1=$D14,'Данные, контроль'!$AF13,0) -> 0 | BQ12: =IF(BQ$1=$D14,'Данные, контроль'!$AF13,0) -> 0 | ... EH12: =IF(EH$1=$D14,'Данные, контроль'!$AF13,0) -> 0
A13: 4699 | B13: 2016 | C13: компьютерных технологий и электронного обучения | D13: Полякова Наталия Александровна | E13: кандидат педагогических наук | F13: доцент | G13: 1 | H13: 15014 | I13: Информационные технологии | J13: =[1]Данные!J12 -> 9 | K13: =[1]Данные!K12 -> 32 | L13: =[1]Данные!L12 -> 0 | M13: =(J13 + K13 + L13)*0.1 -> 4.1 | N13: =2+(0.33*W13) -> 2 | O13: =0.25*W13 -> 0 | P13: =0.25*W13 -> 0 | Q13: =[1]Данные!Q12 -> 0 | R13: =[1]Данные!R12 -> 0 | S13: =[1]Данные!S12 -> 0 | T13: =[1]Данные!T12 -> 6 | U13: =[1]Данные!U12 -> 0 | V13: =[1]Данные!V12 -> 0 | W13: =[1]Данные!W12 -> 0 | X13: =[1]Данные!X12 -> 0 | ... Z13: =[1]Данные!Z12 -> 0 | AA13: осн | AC13: Магистры (КЭО) | AD13: =[1]Данные!AD12 -> 11 | AE13: =[1]Данные!AE12 -> 60 | AF13: =[1]Данные!AF12 -> 0 | AG13: =[1]Данные!AG12 -> 0 | AH13: =[1]Данные!AH12 -> 12 | AI13: =[1]Данные!AI12 -> 42 | AJ13: =[1]Данные!AJ12 -> 0 | AK13: =[1]Данные!AK12 -> 0 | ... BE13: =[1]Данные!BE12 -> 0 | BG13: должность | BH13: 1 | BJ13: =IF(BJ$1=$D15,'Данные, контроль'!$AF14,0) -> 0 | BK13: =IF(BK$1=$D15,'Данные, контроль'!$AF14,0) -> 0 | BL13: =IF(BL$1=$D15,'Данные, контроль'!$AF14,0) -> 0 | BM13: =IF(BM$1=$D15,'Данные, контроль'!$AF14,0) -> 0 | BN13: =IF(BN$1=$D15,'Данные, контроль'!$AF14,0) -> 0.1216 | BO13: =IF(BO$1=$D15,'Данные, контроль'!$AF14,0) -> 0 | BP13: =IF(BP$1=$D15,'Данные, контроль'!$AF14,0) -> 0 | BQ13: =IF(BQ$1=$D15,'Данные, контроль'!$AF14,0) -> 0 | ... EH13: =IF(EH$1=$D15,'Данные, контроль'!$AF14,0) -> 0
A14: 4699 | B14: 2018 | C14: компьютерных технологий и электронного обучения | D14: Абрамян Геннадий Владимирович | E14: доктор педагогических наук | F14: профессор | G14: 1 | H14: 17337 | I14: Мультимедиа технологии и компьютерная графика | J14: =[1]Данные!J13 -> 18 | K14: =[1]Данные!K13 -> 0 | L14: =[1]Данные!L13 -> 54 | M14: =(J14 + K14 + L14)*0.1 -> 7.2 | N14: =2+(0.33*W14) -> 2 | O14: =0.25*W14 -> 0 | P14: =0.25*W14 -> 0 | Q14: =[1]Данные!Q13 -> 0 | R14: =[1]Данные!R13 -> 0 | S14: =[1]Данные!S13 -> 0 | T14: =[1]Данные!T13 -> 10 | U14: =[1]Данные!U13 -> 0 | V14: =[1]Данные!V13 -> 0 | W14: =[1]Данные!W13 -> 0 | X14: =[1]Данные!X13 -> 0 | ... Z14: =[1]Данные!Z13 -> 0 | AA14: осн | BG14: должность | BH14: 1 | BJ14: =IF(BJ$1=$D16,'Данные, контроль'!$AF15,0) -> 0 | BK14: =IF(BK$1=$D16,'Данные, контроль'!$AF15,0) -> 0 | BL14: =IF(BL$1=$D16,'Данные, контроль'!$AF15,0) -> 0 | BM14: =IF(BM$1=$D16,'Данные, контроль'!$AF15,0) -> 0 | BN14: =IF(BN$1=$D16,'Данные, контроль'!$AF15,0) -> 0 | BO14: =IF(BO$1=$D16,'Данные, контроль'!$AF15,0) -> 0 | BP14: =IF(BP$1=$D16,'Данные, контроль'!$AF15,0) -> 0 | BQ14: =IF(BQ$1=$D16,'Данные, контроль'!$AF15,0) -> 0 | ... EH14: =IF(EH$1=$D16,'Данные, контроль'!$AF15,0) -> 0
A15: 4701 | B15: 2016 | C15: компьютерных технологий и электронного обучения | D15: Аксютин Павел Александрович | E15: нет | F15: ассистент | G15: 0.5 | H15: 15313 | I15: Информационные технологии | J15: =[1]Данные!J14 -> 0 | K15: =[1]Данные!K14 -> 0 | L15: =[1]Данные!L14 -> 0 | M15: =(J15 + K15 + L15)*0.1 -> 0 | N15: =2+(0.33*W15) -> 2 | O15: =0.25*W15 -> 0 | P15: =0.25*W15 -> 0 | Q15: =[1]Данные!Q14 -> 0 | R15: =[1]Данные!R14 -> 0 | S15: =[1]Данные!S14 -> 0 | T15: =[1]Данные!T14 -> 7 | U15: =[1]Данные!U14 -> 0 | V15: =[1]Данные!V14 -> 0 | W15: =[1]Данные!W14 -> 0 | X15: =[1]Данные!X14 -> 0 | ... Z15: =[1]Данные!Z14 -> 0 | AA15: осн | BG15: должность | BH15: 1 | BJ15: =IF(BJ$1=$D17,'Данные, контроль'!$AF16,0) -> 0 | BK15: =IF(BK$1=$D17,'Данные, контроль'!$AF16,0) -> 0 | BL15: =IF(BL$1=$D17,'Данные, контроль'!$AF16,0) -> 0 | BM15: =IF(BM$1=$D17,'Данные, контроль'!$AF16,0) -> 0 | BN15: =IF(BN$1=$D17,'Данные, контроль'!$AF16,0) -> 0 | BO15: =IF(BO$1=$D17,'Данные, контроль'!$AF16,0) -> 0 | BP15: =IF(BP$1=$D17,'Данные, контроль'!$AF16,0) -> 0 | BQ15: =IF(BQ$1=$D17,'Данные, контроль'!$AF16,0) -> 0 | ... EH15: =IF(EH$1=$D17,'Данные, контроль'!$AF16,0) -> 0
A16: 4701 | B16: 2016 | C16: компьютерных технологий и электронного обучения | D16: Власова Елена Зотиковна | E16: доктор педагогических наук | F16: заведующий кафедрой | G16: 1 | H16: 15313 | I16: Информатика | J16: =[1]Данные!J15 -> 2 | K16: =[1]Данные!K15 -> 0 | L16: =[1]Данные!L15 -> 0 | M16: =(J16 + K16 + L16)*0.1 -> 0.2 | N16: =2+(0.33*W16) -> 2 | O16: =0.25*W16 -> 0 | P16: =0.25*W16 -> 0 | Q16: =[1]Данные!Q15 -> 0 | R16: =[1]Данные!R15 -> 0 | S16: =[1]Данные!S15 -> 0 | T16: =[1]Данные!T15 -> 9 | U16: =[1]Данные!U15 -> 0 | V16: =[1]Данные!V15 -> 0 | W16: =[1]Данные!W15 -> 0 | X16: =[1]Данные!X15 -> 0 | ... Z16: =[1]Данные!Z15 -> 0 | AA16: осн | BG16: должность | BH16: 1 | BJ16: =IF(BJ$1=$D18,'Данные, контроль'!$AF17,0) -> 0 | BK16: =IF(BK$1=$D18,'Данные, контроль'!$AF17,0) -> 0 | BL16: =IF(BL$1=$D18,'Данные, контроль'!$AF17,0) -> 0 | BM16: =IF(BM$1=$D18,'Данные, контроль'!$AF17,0) -> 0 | BN16: =IF(BN$1=$D18,'Данные, контроль'!$AF17,0) -> 0 | BO16: =IF(BO$1=$D18,'Данные, контроль'!$AF17,0) -> 0 | BP16: =IF(BP$1=$D18,'Данные, контроль'!$AF17,0) -> 0 | BQ16: =IF(BQ$1=$D18,'Данные, контроль'!$AF17,0) -> 0 | ... EH16: =IF(EH$1=$D18,'Данные, контроль'!$AF17,0) -> 0
A17: 4701 | B17: 2016 | C17: компьютерных технологий и электронного обучения | D17: Гончарова Светлана Викторовна | E17: кандидат педагогических наук | F17: доцент | G17: 1 | H17: 15313 | I17: Информатика | J17: =[1]Данные!J16 -> 32 | K17: =[1]Данные!K16 -> 0 | L17: =[1]Данные!L16 -> 51 | M17: =(J17 + K17 + L17)*0.1 -> 8.3 | N17: =2+(0.33*W17) -> 2 | O17: =0.25*W17 -> 0 | P17: =0.25*W17 -> 0 | Q17: =[1]Данные!Q16 -> 0 | R17: =[1]Данные!R16 -> 0 | S17: =[1]Данные!S16 -> 0 | T17: =[1]Данные!T16 -> 4 | U17: =[1]Данные!U16 -> 0 | V17: =[1]Данные!V16 -> 0 | W17: =[1]Данные!W16 -> 0 | X17: =[1]Данные!X16 -> 0 | ... Z17: =[1]Данные!Z16 -> 0 | AA17: осн | BJ17: =IF(BJ$1=$D19,'Данные, контроль'!$AF18,0) -> 0 | BK17: =IF(BK$1=$D19,'Данные, контроль'!$AF18,0) -> 0 | BL17: =IF(BL$1=$D19,'Данные, контроль'!$AF18,0) -> 0 | BM17: =IF(BM$1=$D19,'Данные, контроль'!$AF18,0) -> 0 | BN17: =IF(BN$1=$D19,'Данные, контроль'!$AF18,0) -> 0 | BO17: =IF(BO$1=$D19,'Данные, контроль'!$AF18,0) -> 0 | BP17: =IF(BP$1=$D19,'Данные, контроль'!$AF18,0) -> 0 | BQ17: =IF(BQ$1=$D19,'Данные, контроль'!$AF18,0) -> 0 | ... EH17: =IF(EH$1=$D19,'Данные, контроль'!$AF18,0) -> 0
A18: 4701 | B18: 2016 | C18: компьютерных технологий и электронного обучения | D18: Ильина Татьяна Сергеевна | E18: нет | F18: старший преподаватель | G18: 1 | H18: 15313 | I18: Информатика | J18: =[1]Данные!J17 -> 0 | K18: =[1]Данные!K17 -> 0 | L18: =[1]Данные!L17 -> 102 | M18: =(J18 + K18 + L18)*0.1 -> 10.2 | N18: =2+(0.33*W18) -> 2 | O18: =0.25*W18 -> 0 | P18: =0.25*W18 -> 0 | Q18: =[1]Данные!Q17 -> 0 | R18: =[1]Данные!R17 -> 0 | S18: =[1]Данные!S17 -> 0 | T18: =[1]Данные!T17 -> 10 | U18: =[1]Данные!U17 -> 0 | V18: =[1]Данные!V17 -> 0 | W18: =[1]Данные!W17 -> 0 | X18: =[1]Данные!X17 -> 0 | ... Z18: =[1]Данные!Z17 -> 0 | AA18: осн | BJ18: =IF(BJ$1=$D20,'Данные, контроль'!$AF19,0) -> 0 | BK18: =IF(BK$1=$D20,'Данные, контроль'!$AF19,0) -> 0.181125 | BL18: =IF(BL$1=$D20,'Данные, контроль'!$AF19,0) -> 0 | BM18: =IF(BM$1=$D20,'Данные, контроль'!$AF19,0) -> 0 | BN18: =IF(BN$1=$D20,'Данные, контроль'!$AF19,0) -> 0 | BO18: =IF(BO$1=$D20,'Данные, контроль'!$AF19,0) -> 0 | BP18: =IF(BP$1=$D20,'Данные, контроль'!$AF19,0) -> 0 | BQ18: =IF(BQ$1=$D20,'Данные, контроль'!$AF19,0) -> 0 | ... EH18: =IF(EH$1=$D20,'Данные, контроль'!$AF19,0) -> 0
A19: 4701 | B19: 2016 | C19: компьютерных технологий и электронного обучения | D19: Карпова Наталья Александровна | E19: кандидат технических наук | F19: доцент | G19: 0.5 | H19: 15313 | I19: Информационные технологии | J19: =[1]Данные!J18 -> 17 | K19: =[1]Данные!K18 -> 0 | L19: =[1]Данные!L18 -> 102 | M19: =(J19 + K19 + L19)*0.1 -> 11.9 | N19: =2+(0.33*W19) -> 2 | O19: =0.25*W19 -> 0 | P19: =0.25*W19 -> 0 | Q19: =[1]Данные!Q18 -> 0 | R19: =[1]Данные!R18 -> 0 | S19: =[1]Данные!S18 -> 0 | T19: =[1]Данные!T18 -> 12 | U19: =[1]Данные!U18 -> 0 | V19: =[1]Данные!V18 -> 0 | W19: =[1]Данные!W18 -> 0 | X19: =[1]Данные!X18 -> 0 | ... Z19: =[1]Данные!Z18 -> 0 | AA19: осн | BJ19: =IF(BJ$1=$D21,'Данные, контроль'!$AF20,0) -> 0 | BK19: =IF(BK$1=$D21,'Данные, контроль'!$AF20,0) -> 0 | BL19: =IF(BL$1=$D21,'Данные, контроль'!$AF20,0) -> 0.15733333 | BM19: =IF(BM$1=$D21,'Данные, контроль'!$AF20,0) -> 0 | BN19: =IF(BN$1=$D21,'Данные, контроль'!$AF20,0) -> 0 | BO19: =IF(BO$1=$D21,'Данные, контроль'!$AF20,0) -> 0 | BP19: =IF(BP$1=$D21,'Данные, контроль'!$AF20,0) -> 0 | BQ19: =IF(BQ$1=$D21,'Данные, контроль'!$AF20,0) -> 0 | ... EH19: =IF(EH$1=$D21,'Данные, контроль'!$AF20,0) -> 0
A20: 4755 | B20: 2016 | C20: компьютерных технологий и электронного обучения | D20: Абрамян Геннадий Владимирович | E20: доктор педагогических наук | F20: профессор | G20: 1 | H20: 15058 | I20: Информационное обеспечение технологического образования. Применение Интернет-технологий в технологическом образовании | J20: =[1]Данные!J19 -> 18 | K20: =[1]Данные!K19 -> 0 | L20: =[1]Данные!L19 -> 72 | M20: =(J20 + K20 + L20)*0.1 -> 9 | N20: =2+(0.33*W20) -> 2 | O20: =0.25*W20 -> 0 | P20: =0.25*W20 -> 0 | Q20: =[1]Данные!Q19 -> 0 | R20: =[1]Данные!R19 -> 0 | S20: =[1]Данные!S19 -> 0 | T20: =[1]Данные!T19 -> 17 | U20: =[1]Данные!U19 -> 0 | V20: =[1]Данные!V19 -> 0 | W20: =[1]Данные!W19 -> 0 | X20: =[1]Данные!X19 -> 0 | ... Z20: =[1]Данные!Z19 -> 0 | AA20: осн | BJ20: =IF(BJ$1=$D22,'Данные, контроль'!$AF21,0) -> 0 | BK20: =IF(BK$1=$D22,'Данные, контроль'!$AF21,0) -> 0 | BL20: =IF(BL$1=$D22,'Данные, контроль'!$AF21,0) -> 0 | BM20: =IF(BM$1=$D22,'Данные, контроль'!$AF21,0) -> 0 | BN20: =IF(BN$1=$D22,'Данные, контроль'!$AF21,0) -> 0 | BO20: =IF(BO$1=$D22,'Данные, контроль'!$AF21,0) -> 0 | BP20: =IF(BP$1=$D22,'Данные, контроль'!$AF21,0) -> 0 | BQ20: =IF(BQ$1=$D22,'Данные, контроль'!$AF21,0) -> 0 | ... EH20: =IF(EH$1=$D22,'Данные, контроль'!$AF21,0) -> 0
A21: 4755 | B21: 2016 | C21: компьютерных технологий и электронного обучения | D21: Авксентьева Елена Юрьевна | E21: кандидат педагогических наук | F21: доцент | G21: 1 | H21: 15058 | I21: Информационные технологии | J21: =[1]Данные!J20 -> 0 | K21: =[1]Данные!K20 -> 96 | L21: =[1]Данные!L20 -> 0 | M21: =(J21 + K21 + L21)*0.1 -> 9.6 | N21: =2+(0.33*W21) -> 2 | O21: =0.25*W21 -> 0 | P21: =0.25*W21 -> 0 | Q21: =[1]Данные!Q20 -> 0 | R21: =[1]Данные!R20 -> 0 | S21: =[1]Данные!S20 -> 0 | T21: =[1]Данные!T20 -> 12 | U21: =[1]Данные!U20 -> 0 | V21: =[1]Данные!V20 -> 0 | W21: =[1]Данные!W20 -> 0 | X21: =[1]Данные!X20 -> 0 | ... Z21: =[1]Данные!Z20 -> 0 | AA21: осн | BJ21: =IF(BJ$1=$D23,'Данные, контроль'!$AF22,0) -> 0 | BK21: =IF(BK$1=$D23,'Данные, контроль'!$AF22,0) -> 0 | BL21: =IF(BL$1=$D23,'Данные, контроль'!$AF22,0) -> 0 | BM21: =IF(BM$1=$D23,'Данные, контроль'!$AF22,0) -> 0 | BN21: =IF(BN$1=$D23,'Данные, контроль'!$AF22,0) -> 0 | BO21: =IF(BO$1=$D23,'Данные, контроль'!$AF22,0) -> 0 | BP21: =IF(BP$1=$D23,'Данные, контроль'!$AF22,0) -> 0 | BQ21: =IF(BQ$1=$D23,'Данные, контроль'!$AF22,0) -> 0 | ... EH21: =IF(EH$1=$D23,'Данные, контроль'!$AF22,0) -> 0
A22: 4755 | B22: 2016 | C22: компьютерных технологий и электронного обучения | D22: Карпова Наталья Александровна | E22: кандидат технических наук | F22: доцент | G22: 1 | H22: 15058 | I22: Информационное обеспечение технологического образования. Применение Интернет-технологий в технологическом образовании | J22: =[1]Данные!J21 -> 0 | K22: =[1]Данные!K21 -> 0 | L22: =[1]Данные!L21 -> 0 | M22: =(J22 + K22 + L22)*0.1 -> 0 | N22: =2+(0.33*W22) -> 2 | O22: =0.25*W22 -> 0 | P22: =0.25*W22 -> 0 | Q22: =[1]Данные!Q21 -> 0 | R22: =[1]Данные!R21 -> 0 | S22: =[1]Данные!S21 -> 0 | T22: =[1]Данные!T21 -> 2 | U22: =[1]Данные!U21 -> 0 | V22: =[1]Данные!V21 -> 0 | W22: =[1]Данные!W21 -> 0 | X22: =[1]Данные!X21 -> 0 | ... Z22: =[1]Данные!Z21 -> 0 | AA22: осн | BJ22: =IF(BJ$1=$D24,'Данные, контроль'!$AF23,0) -> 0 | BK22: =IF(BK$1=$D24,'Данные, контроль'!$AF23,0) -> 0 | BL22: =IF(BL$1=$D24,'Данные, контроль'!$AF23,0) -> 0 | BM22: =IF(BM$1=$D24,'Данные, контроль'!$AF23,0) -> 0 | BN22: =IF(BN$1=$D24,'Данные, контроль'!$AF23,0) -> 0 | BO22: =IF(BO$1=$D24,'Данные, контроль'!$AF23,0) -> 0 | BP22: =IF(BP$1=$D24,'Данные, контроль'!$AF23,0) -> 0 | BQ22: =IF(BQ$1=$D24,'Данные, контроль'!$AF23,0) -> 0 | ... EH22: =IF(EH$1=$D24,'Данные, контроль'!$AF23,0) -> 0
A23: 4755 | B23: 2016 | C23: компьютерных технологий и электронного обучения | D23: Полякова Наталия Александровна | E23: кандидат педагогических наук | F23: доцент | G23: 1 | H23: 15058 | I23: Информационные технологии | J23: =[1]Данные!J22 -> 9 | K23: =[1]Данные!K22 -> 0 | L23: =[1]Данные!L22 -> 0 | M23: =(J23 + K23 + L23)*0.1 -> 0.9 | N23: =2+(0.33*W23) -> 2 | O23: =0.25*W23 -> 0 | P23: =0.25*W23 -> 0 | Q23: =[1]Данные!Q22 -> 0 | R23: =[1]Данные!R22 -> 0 | S23: =[1]Данные!S22 -> 0 | T23: =[1]Данные!T22 -> 0 | U23: =[1]Данные!U22 -> 0 | V23: =[1]Данные!V22 -> 0 | W23: =[1]Данные!W22 -> 0 | X23: =[1]Данные!X22 -> 0 | ... Z23: =[1]Данные!Z22 -> 0 | AA23: осн | BJ23: =IF(BJ$1=$D25,'Данные, контроль'!$AF24,0) -> 0 | BK23: =IF(BK$1=$D25,'Данные, контроль'!$AF24,0) -> 0 | BL23: =IF(BL$1=$D25,'Данные, контроль'!$AF24,0) -> 0 | BM23: =IF(BM$1=$D25,'Данные, контроль'!$AF24,0) -> 0 | BN23: =IF(BN$1=$D25,'Данные, контроль'!$AF24,0) -> 0 | BO23: =IF(BO$1=$D25,'Данные, контроль'!$AF24,0) -> 0 | BP23: =IF(BP$1=$D25,'Данные, контроль'!$AF24,0) -> 0 | BQ23: =IF(BQ$1=$D25,'Данные, контроль'!$AF24,0) -> 0 | ... EH23: =IF(EH$1=$D25,'Данные, контроль'!$AF24,0) -> 0
A24: 4755 | B24: 2017 | C24: компьютерных технологий и электронного обучения | D24: Готская Ирина Борисовна | E24: доктор педагогических наук | F24: профессор | G24: 1 | H24: 16007 | I24: Информационное обеспечение технологического образования. Применение электронных образовательных ресурсов в технологическом образовании | J24: =[1]Данные!J23 -> 32 | K24: =[1]Данные!K23 -> 0 | L24: =[1]Данные!L23 -> 160 | M24: =(J24 + K24 + L24)*0.1 -> 19.2 | N24: =2+(0.33*W24) -> 2 | O24: =0.25*W24 -> 0 | P24: =0.25*W24 -> 0 | Q24: =[1]Данные!Q23 -> 0 | R24: =[1]Данные!R23 -> 0 | S24: =[1]Данные!S23 -> 0 | T24: =[1]Данные!T23 -> 22 | U24: =[1]Данные!U23 -> 0 | V24: =[1]Данные!V23 -> 0 | W24: =[1]Данные!W23 -> 0 | X24: =[1]Данные!X23 -> 0 | ... Z24: =[1]Данные!Z23 -> 0 | AA24: осн | BJ24: =IF(BJ$1=$D26,'Данные, контроль'!$AF25,0) -> 0 | BK24: =IF(BK$1=$D26,'Данные, контроль'!$AF25,0) -> 0.1608 | BL24: =IF(BL$1=$D26,'Данные, контроль'!$AF25,0) -> 0 | BM24: =IF(BM$1=$D26,'Данные, контроль'!$AF25,0) -> 0 | BN24: =IF(BN$1=$D26,'Данные, контроль'!$AF25,0) -> 0 | BO24: =IF(BO$1=$D26,'Данные, контроль'!$AF25,0) -> 0 | BP24: =IF(BP$1=$D26,'Данные, контроль'!$AF25,0) -> 0 | BQ24: =IF(BQ$1=$D26,'Данные, контроль'!$AF25,0) -> 0 | ... EH24: =IF(EH$1=$D26,'Данные, контроль'!$AF25,0) -> 0
A25: 4755 | B25: 2018 | C25: компьютерных технологий и электронного обучения | D25: Готская Ирина Борисовна | E25: доктор педагогических наук | F25: профессор | G25: 0.75 | H25: 17235 | I25: Информационное обеспечение технологического образования. Информационное обеспечение инновационной технологической деятельности | J25: =[1]Данные!J24 -> 16 | K25: =[1]Данные!K24 -> 0 | L25: =[1]Данные!L24 -> 80 | M25: =(J25 + K25 + L25)*0.1 -> 9.6 | N25: =2+(0.33*W25) -> 2 | O25: =0.25*W25 -> 0 | P25: =0.25*W25 -> 0 | Q25: =[1]Данные!Q24 -> 0 | R25: =[1]Данные!R24 -> 0 | S25: =[1]Данные!S24 -> 0 | T25: =[1]Данные!T24 -> 13 | U25: =[1]Данные!U24 -> 0 | V25: =[1]Данные!V24 -> 0 | W25: =[1]Данные!W24 -> 0 | X25: =[1]Данные!X24 -> 0 | ... Z25: =[1]Данные!Z24 -> 0 | AA25: осн | BJ25: =IF(BJ$1=$D27,'Данные, контроль'!$AF26,0) -> 0 | BK25: =IF(BK$1=$D27,'Данные, контроль'!$AF26,0) -> 0 | BL25: =IF(BL$1=$D27,'Данные, контроль'!$AF26,0) -> 0 | BM25: =IF(BM$1=$D27,'Данные, контроль'!$AF26,0) -> 0 | BN25: =IF(BN$1=$D27,'Данные, контроль'!$AF26,0) -> 0 | BO25: =IF(BO$1=$D27,'Данные, контроль'!$AF26,0) -> 0 | BP25: =IF(BP$1=$D27,'Данные, контроль'!$AF26,0) -> 0 | BQ25: =IF(BQ$1=$D27,'Данные, контроль'!$AF26,0) -> 0 | ... EH25: =IF(EH$1=$D27,'Данные, контроль'!$AF26,0) -> 0
A26: 4848 | B26: 2015 | C26: компьютерных технологий и электронного обучения | D26: Абрамян Геннадий Владимирович | E26: доктор педагогических наук | F26: профессор | G26: 1 | H26: 14014 | I26: ЭВМ и периферийные устройства | J26: =[1]Данные!J25 -> 42 | K26: =[1]Данные!K25 -> 0 | L26: =[1]Данные!L25 -> 42 | M26: =(J26 + K26 + L26)*0.1 -> 8.4 | N26: =2+(0.33*W26) -> 2 | O26: =0.25*W26 -> 0 | P26: =0.25*W26 -> 0 | Q26: =[1]Данные!Q25 -> 0 | R26: =[1]Данные!R25 -> 0 | S26: =[1]Данные!S25 -> 0 | T26: =[1]Данные!T25 -> 0 | U26: =[1]Данные!U25 -> 0 | V26: =[1]Данные!V25 -> 0 | W26: =[1]Данные!W25 -> 0 | X26: =[1]Данные!X25 -> 0 | ... Z26: =[1]Данные!Z25 -> 0 | AA26: осн | BJ26: =IF(BJ$1=$D28,'Данные, контроль'!$AF27,0) -> 0 | BK26: =IF(BK$1=$D28,'Данные, контроль'!$AF27,0) -> 0 | BL26: =IF(BL$1=$D28,'Данные, контроль'!$AF27,0) -> 0 | BM26: =IF(BM$1=$D28,'Данные, контроль'!$AF27,0) -> 0 | BN26: =IF(BN$1=$D28,'Данные, контроль'!$AF27,0) -> 0 | BO26: =IF(BO$1=$D28,'Данные, контроль'!$AF27,0) -> 0 | BP26: =IF(BP$1=$D28,'Данные, контроль'!$AF27,0) -> 0 | BQ26: =IF(BQ$1=$D28,'Данные, контроль'!$AF27,0) -> 0 | ... EH26: =IF(EH$1=$D28,'Данные, контроль'!$AF27,0) -> 0
A27: 4848 | B27: 2015 | C27: компьютерных технологий и электронного обучения | D27: Власова Елена Зотиковна | E27: доктор педагогических наук | F27: заведующий кафедрой | G27: 1 | H27: 14014 | I27: Информатика | J27: =[1]Данные!J26 -> 17 | K27: =[1]Данные!K26 -> 17 | L27: =[1]Данные!L26 -> 0 | M27: =(J27 + K27 + L27)*0.1 -> 3.4 | N27: =2+(0.33*W27) -> 2 | O27: =0.25*W27 -> 0 | P27: =0.25*W27 -> 0 | Q27: =[1]Данные!Q26 -> 0 | R27: =[1]Данные!R26 -> 0 | S27: =[1]Данные!S26 -> 0 | T27: =[1]Данные!T26 -> 0 | U27: =[1]Данные!U26 -> 0 | V27: =[1]Данные!V26 -> 0 | W27: =[1]Данные!W26 -> 0 | X27: =[1]Данные!X26 -> 0 | ... Z27: =[1]Данные!Z26 -> 0 | AA27: осн | BJ27: =IF(BJ$1=$D29,'Данные, контроль'!$AF28,0) -> 0 | BK27: =IF(BK$1=$D29,'Данные, контроль'!$AF28,0) -> 0 | BL27: =IF(BL$1=$D29,'Данные, контроль'!$AF28,0) -> 0 | BM27: =IF(BM$1=$D29,'Данные, контроль'!$AF28,0) -> 0 | BN27: =IF(BN$1=$D29,'Данные, контроль'!$AF28,0) -> 0 | BO27: =IF(BO$1=$D29,'Данные, контроль'!$AF28,0) -> 0 | BP27: =IF(BP$1=$D29,'Данные, контроль'!$AF28,0) -> 0 | BQ27: =IF(BQ$1=$D29,'Данные, контроль'!$AF28,0) -> 0 | ... EH27: =IF(EH$1=$D29,'Данные, контроль'!$AF28,0) -> 0
A28: 4848 | B28: 2015 | C28: компьютерных технологий и электронного обучения | D28: Власова Елена Зотиковна | E28: доктор педагогических наук | F28: заведующий кафедрой | G28: 1 | H28: 14014 | I28: Программирование | J28: =[1]Данные!J27 -> 13 | K28: =[1]Данные!K27 -> 0 | L28: =[1]Данные!L27 -> 23 | M28: =(J28 + K28 + L28)*0.1 -> 3.6 | N28: =2+(0.33*W28) -> 2 | O28: =0.25*W28 -> 0 | P28: =0.25*W28 -> 0 | Q28: =[1]Данные!Q27 -> 0 | R28: =[1]Данные!R27 -> 0 | S28: =[1]Данные!S27 -> 0 | T28: =[1]Данные!T27 -> 0 | U28: =[1]Данные!U27 -> 0 | V28: =[1]Данные!V27 -> 0 | W28: =[1]Данные!W27 -> 0 | X28: =[1]Данные!X27 -> 0 | ... Z28: =[1]Данные!Z27 -> 0 | AA28: осн | BJ28: =IF(BJ$1=$D30,'Данные, контроль'!$AF29,0) -> 0 | BK28: =IF(BK$1=$D30,'Данные, контроль'!$AF29,0) -> 0 | BL28: =IF(BL$1=$D30,'Данные, контроль'!$AF29,0) -> 0 | BM28: =IF(BM$1=$D30,'Данные, контроль'!$AF29,0) -> 0 | BN28: =IF(BN$1=$D30,'Данные, контроль'!$AF29,0) -> 0 | BO28: =IF(BO$1=$D30,'Данные, контроль'!$AF29,0) -> 0 | BP28: =IF(BP$1=$D30,'Данные, контроль'!$AF29,0) -> 0 | BQ28: =IF(BQ$1=$D30,'Данные, контроль'!$AF29,0) -> 0 | ... EH28: =IF(EH$1=$D30,'Данные, контроль'!$AF29,0) -> 0
... A42: 4848 | B42: 2016 | C42: компьютерных технологий и электронного обучения | D42: Абрамян Геннадий Владимирович | E42: доктор педагогических наук | F42: профессор | G42: 1 | H42: 15377 | I42: Операционные системы | J42: =[1]Данные!J41 -> 4 | K42: =[1]Данные!K41 -> 14 | L42: =[1]Данные!L41 -> 14 | M42: =(J42 + K42 + L42)*0.1 -> 3.2 | N42: =2+(0.33*W42) -> 2 | O42: =0.25*W42 -> 0 | P42: =0.25*W42 -> 0 | Q42: =[1]Данные!Q41 -> 0 | R42: =[1]Данные!R41 -> 0 | S42: =[1]Данные!S41 -> 0 | T42: =[1]Данные!T41 -> 0 | U42: =[1]Данные!U41 -> 0 | V42: =[1]Данные!V41 -> 0 | W42: =[1]Данные!W41 -> 0 | X42: =[1]Данные!X41 -> 0 | ... Z42: =[1]Данные!Z41 -> 0 | AA42: осн | BJ42: =IF(BJ$1=$D44,'Данные, контроль'!$AF43,0) -> 0 | BK42: =IF(BK$1=$D44,'Данные, контроль'!$AF43,0) -> 0 | BL42: =IF(BL$1=$D44,'Данные, контроль'!$AF43,0) -> 0.052533333 | BM42: =IF(BM$1=$D44,'Данные, контроль'!$AF43,0) -> 0 | BN42: =IF(BN$1=$D44,'Данные, контроль'!$AF43,0) -> 0 | BO42: =IF(BO$1=$D44,'Данные, контроль'!$AF43,0) -> 0 | BP42: =IF(BP$1=$D44,'Данные, контроль'!$AF43,0) -> 0 | BQ42: =IF(BQ$1=$D44,'Данные, контроль'!$AF43,0) -> 0 | ... EH42: =IF(EH$1=$D44,'Данные, контроль'!$AF43,0) -> 0
A43: 4848 | B43: 2016 | C43: компьютерных технологий и электронного обучения | D43: Абрамян Геннадий Владимирович | E43: доктор педагогических наук | F43: профессор | G43: 1 | H43: 15377 | I43: Программирование | J43: =[1]Данные!J42 -> 34 | K43: =[1]Данные!K42 -> 0 | L43: =[1]Данные!L42 -> 0 | M43: =(J43 + K43 + L43)*0.1 -> 3.4 | N43: =2+(0.33*W43) -> 2 | O43: =0.25*W43 -> 0 | P43: =0.25*W43 -> 0 | Q43: =[1]Данные!Q42 -> 0 | R43: =[1]Данные!R42 -> 0 | S43: =[1]Данные!S42 -> 0 | T43: =[1]Данные!T42 -> 0 | U43: =[1]Данные!U42 -> 0 | V43: =[1]Данные!V42 -> 0 | W43: =[1]Данные!W42 -> 0 | X43: =[1]Данные!X42 -> 0 | ... Z43: =[1]Данные!Z42 -> 0 | BJ43: =IF(BJ$1=$D45,'Данные, контроль'!$AF44,0) -> 0 | BK43: =IF(BK$1=$D45,'Данные, контроль'!$AF44,0) -> 0 | BL43: =IF(BL$1=$D45,'Данные, контроль'!$AF44,0) -> 0 | BM43: =IF(BM$1=$D45,'Данные, контроль'!$AF44,0) -> 0 | BN43: =IF(BN$1=$D45,'Данные, контроль'!$AF44,0) -> 0 | BO43: =IF(BO$1=$D45,'Данные, контроль'!$AF44,0) -> 0 | BP43: =IF(BP$1=$D45,'Данные, контроль'!$AF44,0) -> 0 | BQ43: =IF(BQ$1=$D45,'Данные, контроль'!$AF44,0) -> 0 | ... EH43: =IF(EH$1=$D45,'Данные, контроль'!$AF44,0) -> 0
A44: 4848 | B44: 2016 | C44: компьютерных технологий и электронного обучения | D44: Авксентьева Елена Юрьевна | E44: кандидат педагогических наук | F44: доцент | G44: 1 | H44: 15377 | I44: Модуль "Технологии и методы вычислений". Информационные технологии в решении задач оптимизации | J44: =[1]Данные!J43 -> 18 | K44: =[1]Данные!K43 -> 0 | L44: =[1]Данные!L43 -> 18 | M44: =(J44 + K44 + L44)*0.1 -> 3.6 | N44: =2+(0.33*W44) -> 2 | O44: =0.25*W44 -> 0 | P44: =0.25*W44 -> 0 | Q44: =[1]Данные!Q43 -> 0 | R44: =[1]Данные!R43 -> 0 | S44: =[1]Данные!S43 -> 0 | T44: =[1]Данные!T43 -> 0 | U44: =[1]Данные!U43 -> 0 | V44: =[1]Данные!V43 -> 0 | W44: =[1]Данные!W43 -> 0 | X44: =[1]Данные!X43 -> 0 | ... Z44: =[1]Данные!Z43 -> 0 | AA44: осн | BJ44: =IF(BJ$1=$D46,'Данные, контроль'!$AF45,0) -> 0 | BK44: =IF(BK$1=$D46,'Данные, контроль'!$AF45,0) -> 0 | BL44: =IF(BL$1=$D46,'Данные, контроль'!$AF45,0) -> 0 | BM44: =IF(BM$1=$D46,'Данные, контроль'!$AF45,0) -> 0 | BN44: =IF(BN$1=$D46,'Данные, контроль'!$AF45,0) -> 0 | BO44: =IF(BO$1=$D46,'Данные, контроль'!$AF45,0) -> 0 | BP44: =IF(BP$1=$D46,'Данные, контроль'!$AF45,0) -> 0 | BQ44: =IF(BQ$1=$D46,'Данные, контроль'!$AF45,0) -> 0 | ... EH44: =IF(EH$1=$D46,'Данные, контроль'!$AF45,0) -> 0
A45: 4848 | B45: 2016 | C45: компьютерных технологий и электронного обучения | D45: Власова Елена Зотиковна | E45: доктор педагогических наук | F45: заведующий кафедрой | G45: 1 | H45: 15377 | I45: Модуль "Технологии и методы вычислений" | J45: =[1]Данные!J44 -> 0 | K45: =[1]Данные!K44 -> 0 | L45: =[1]Данные!L44 -> 0 | M45: =(J45 + K45 + L45)*0.1 -> 0 | N45: =2+(0.33*W45) -> 2 | O45: =0.25*W45 -> 0 | P45: =0.25*W45 -> 0 | Q45: =[1]Данные!Q44 -> 0 | R45: =[1]Данные!R44 -> 0 | S45: =[1]Данные!S44 -> 0 | T45: =[1]Данные!T44 -> 0 | U45: =[1]Данные!U44 -> 0 | V45: =[1]Данные!V44 -> 0 | W45: =[1]Данные!W44 -> 0 | X45: =[1]Данные!X44 -> 0 | ... Z45: =[1]Данные!Z44 -> 0 | AA45: осн | BJ45: =IF(BJ$1=$D47,'Данные, контроль'!$AF46,0) -> 0 | BK45: =IF(BK$1=$D47,'Данные, контроль'!$AF46,0) -> 0 | BL45: =IF(BL$1=$D47,'Данные, контроль'!$AF46,0) -> 0 | BM45: =IF(BM$1=$D47,'Данные, контроль'!$AF46,0) -> 0 | BN45: =IF(BN$1=$D47,'Данные, контроль'!$AF46,0) -> 0 | BO45: =IF(BO$1=$D47,'Данные, контроль'!$AF46,0) -> 0 | BP45: =IF(BP$1=$D47,'Данные, контроль'!$AF46,0) -> 0 | BQ45: =IF(BQ$1=$D47,'Данные, контроль'!$AF46,0) -> 0 | ... EH45: =IF(EH$1=$D47,'Данные, контроль'!$AF46,0) -> 0
A46: 4848 | B46: 2016 | C46: компьютерных технологий и электронного обучения | D46: Власова Елена Зотиковна | E46: доктор педагогических наук | F46: заведующий кафедрой | G46: 1 | H46: 15377 | I46: Модуль "Технологии и методы вычислений". Анализ данных | J46: =[1]Данные!J45 -> 17 | K46: =[1]Данные!K45 -> 0 | L46: =[1]Данные!L45 -> 0 | M46: =(J46 + K46 + L46)*0.1 -> 1.7 | N46: =2+(0.33*W46) -> 2 | O46: =0.25*W46 -> 0 | P46: =0.25*W46 -> 0 | Q46: =[1]Данные!Q45 -> 0 | R46: =[1]Данные!R45 -> 0 | S46: =[1]Данные!S45 -> 0 | T46: =[1]Данные!T45 -> 0 | U46: =[1]Данные!U45 -> 0 | V46: =[1]Данные!V45 -> 0 | W46: =[1]Данные!W45 -> 0 | X46: =[1]Данные!X45 -> 0 | ... Z46: =[1]Данные!Z45 -> 0 | AA46: осн | BJ46: =IF(BJ$1=$D48,'Данные, контроль'!$AF47,0) -> 0 | BK46: =IF(BK$1=$D48,'Данные, контроль'!$AF47,0) -> 0 | BL46: =IF(BL$1=$D48,'Данные, контроль'!$AF47,0) -> 0 | BM46: =IF(BM$1=$D48,'Данные, контроль'!$AF47,0) -> 0 | BN46: =IF(BN$1=$D48,'Данные, контроль'!$AF47,0) -> 0 | BO46: =IF(BO$1=$D48,'Данные, контроль'!$AF47,0) -> 0 | BP46: =IF(BP$1=$D48,'Данные, контроль'!$AF47,0) -> 0 | BQ46: =IF(BQ$1=$D48,'Данные, контроль'!$AF47,0) -> 0 | ... EH46: =IF(EH$1=$D48,'Данные, контроль'!$AF47,0) -> 0
A47: 4848 | B47: 2016 | C47: компьютерных технологий и электронного обучения | D47: Власова Елена Зотиковна | E47: доктор педагогических наук | F47: заведующий кафедрой | G47: 1 | H47: 15377 | I47: Модуль "Технологии и методы вычислений". Вычислительная математика | J47: =[1]Данные!J46 -> 17 | K47: =[1]Данные!K46 -> 0 | L47: =[1]Данные!L46 -> 0 | M47: =(J47 + K47 + L47)*0.1 -> 1.7 | N47: =2+(0.33*W47) -> 2 | O47: =0.25*W47 -> 0 | P47: =0.25*W47 -> 0 | Q47: =[1]Данные!Q46 -> 0 | R47: =[1]Данные!R46 -> 0 | S47: =[1]Данные!S46 -> 0 | T47: =[1]Данные!T46 -> 0 | U47: =[1]Данные!U46 -> 0 | V47: =[1]Данные!V46 -> 0 | W47: =[1]Данные!W46 -> 0 | X47: =[1]Данные!X46 -> 0 | ... Z47: =[1]Данные!Z46 -> 0 | AA47: осн | BJ47: =IF(BJ$1=$D49,'Данные, контроль'!$AF48,0) -> 0 | BK47: =IF(BK$1=$D49,'Данные, контроль'!$AF48,0) -> 0 | BL47: =IF(BL$1=$D49,'Данные, контроль'!$AF48,0) -> 0 | BM47: =IF(BM$1=$D49,'Данные, контроль'!$AF48,0) -> 0 | BN47: =IF(BN$1=$D49,'Данные, контроль'!$AF48,0) -> 0 | BO47: =IF(BO$1=$D49,'Данные, контроль'!$AF48,0) -> 0 | BP47: =IF(BP$1=$D49,'Данные, контроль'!$AF48,0) -> 0 | BQ47: =IF(BQ$1=$D49,'Данные, контроль'!$AF48,0) -> 0 | ... EH47: =IF(EH$1=$D49,'Данные, контроль'!$AF48,0) -> 0
A48: 4848 | B48: 2016 | C48: компьютерных технологий и электронного обучения | D48: Власова Елена Зотиковна | E48: доктор педагогических наук | F48: заведующий кафедрой | G48: 1 | H48: 15377 | I48: Модуль "Технологии и методы вычислений". Технологии компьютерного моделирования | J48: =[1]Данные!J47 -> 18 | K48: =[1]Данные!K47 -> 0 | L48: =[1]Данные!L47 -> 27 | M48: =(J48 + K48 + L48)*0.1 -> 4.5 | N48: =2+(0.33*W48) -> 2 | O48: =0.25*W48 -> 0 | P48: =0.25*W48 -> 0 | Q48: =[1]Данные!Q47 -> 0 | R48: =[1]Данные!R47 -> 0 | S48: =[1]Данные!S47 -> 0 | T48: =[1]Данные!T47 -> 0 | U48: =[1]Данные!U47 -> 0 | V48: =[1]Данные!V47 -> 0 | W48: =[1]Данные!W47 -> 0 | X48: =[1]Данные!X47 -> 0 | ... Z48: =[1]Данные!Z47 -> 0 | AA48: осн | BJ48: =IF(BJ$1=$D50,'Данные, контроль'!$AF49,0) -> 0 | BK48: =IF(BK$1=$D50,'Данные, контроль'!$AF49,0) -> 0 | BL48: =IF(BL$1=$D50,'Данные, контроль'!$AF49,0) -> 0 | BM48: =IF(BM$1=$D50,'Данные, контроль'!$AF49,0) -> 0 | BN48: =IF(BN$1=$D50,'Данные, контроль'!$AF49,0) -> 0 | BO48: =IF(BO$1=$D50,'Данные, контроль'!$AF49,0) -> 0 | BP48: =IF(BP$1=$D50,'Данные, контроль'!$AF49,0) -> 0 | BQ48: =IF(BQ$1=$D50,'Данные, контроль'!$AF49,0) -> 0 | ... EH48: =IF(EH$1=$D50,'Данные, контроль'!$AF49,0) -> 0
A49: 4848 | B49: 2016 | C49: компьютерных технологий и электронного обучения | D49: Гончарова Светлана Викторовна | E49: кандидат педагогических наук | F49: доцент | G49: 1 | H49: 15377 | I49: Модуль "Технологии и методы вычислений" | J49: =[1]Данные!J48 -> 0 | K49: =[1]Данные!K48 -> 0 | L49: =[1]Данные!L48 -> 0 | M49: =(J49 + K49 + L49)*0.1 -> 0 | N49: =2+(0.33*W49) -> 2 | O49: =0.25*W49 -> 0 | P49: =0.25*W49 -> 0 | Q49: =[1]Данные!Q48 -> 0 | R49: =[1]Данные!R48 -> 0 | S49: =[1]Данные!S48 -> 0 | T49: =[1]Данные!T48 -> 0 | U49: =[1]Данные!U48 -> 0 | V49: =[1]Данные!V48 -> 0 | W49: =[1]Данные!W48 -> 0 | X49: =[1]Данные!X48 -> 0 | ... Z49: =[1]Данные!Z48 -> 0 | AA49: осн | BJ49: =IF(BJ$1=$D51,'Данные, контроль'!$AF50,0) -> 0 | BK49: =IF(BK$1=$D51,'Данные, контроль'!$AF50,0) -> 0 | BL49: =IF(BL$1=$D51,'Данные, контроль'!$AF50,0) -> 0 | BM49: =IF(BM$1=$D51,'Данные, контроль'!$AF50,0) -> 0 | BN49: =IF(BN$1=$D51,'Данные, контроль'!$AF50,0) -> 0 | BO49: =IF(BO$1=$D51,'Данные, контроль'!$AF50,0) -> 0 | BP49: =IF(BP$1=$D51,'Данные, контроль'!$AF50,0) -> 0 | BQ49: =IF(BQ$1=$D51,'Данные, контроль'!$AF50,0) -> 0 | ... EH49: =IF(EH$1=$D51,'Данные, контроль'!$AF50,0) -> 0
A50: 4848 | B50: 2016 | C50: компьютерных технологий и электронного обучения | D50: Гончарова Светлана Викторовна | E50: кандидат педагогических наук | F50: доцент | G50: 1 | H50: 15377 | I50: Модуль "Технологии и методы вычислений". Анализ данных | J50: =[1]Данные!J49 -> 0 | K50: =[1]Данные!K49 -> 0 | L50: =[1]Данные!L49 -> 34 | M50: =(J50 + K50 + L50)*0.1 -> 3.4 | N50: =2+(0.33*W50) -> 2 | O50: =0.25*W50 -> 0 | P50: =0.25*W50 -> 0 | Q50: =[1]Данные!Q49 -> 0 | R50: =[1]Данные!R49 -> 0 | S50: =[1]Данные!S49 -> 0 | T50: =[1]Данные!T49 -> 0 | U50: =[1]Данные!U49 -> 0 | V50: =[1]Данные!V49 -> 0 | W50: =[1]Данные!W49 -> 0 | X50: =[1]Данные!X49 -> 0 | ... Z50: =[1]Данные!Z49 -> 0 | AA50: осн | BJ50: =IF(BJ$1=$D52,'Данные, контроль'!$AF51,0) -> 0 | BK50: =IF(BK$1=$D52,'Данные, контроль'!$AF51,0) -> 0 | BL50: =IF(BL$1=$D52,'Данные, контроль'!$AF51,0) -> 0 | BM50: =IF(BM$1=$D52,'Данные, контроль'!$AF51,0) -> 0 | BN50: =IF(BN$1=$D52,'Данные, контроль'!$AF51,0) -> 0 | BO50: =IF(BO$1=$D52,'Данные, контроль'!$AF51,0) -> 0 | BP50: =IF(BP$1=$D52,'Данные, контроль'!$AF51,0) -> 0 | BQ50: =IF(BQ$1=$D52,'Данные, контроль'!$AF51,0) -> 0 | ... EH50: =IF(EH$1=$D52,'Данные, контроль'!$AF51,0) -> 0
A51: 4848 | B51: 2016 | C51: компьютерных технологий и электронного обучения | D51: Гончарова Светлана Викторовна | E51: кандидат педагогических наук | F51: доцент | G51: 1 | H51: 15377 | I51: Модуль "Технологии и методы вычислений". Технологии компьютерного моделирования | J51: =[1]Данные!J50 -> 0 | K51: =[1]Данные!K50 -> 0 | L51: =[1]Данные!L50 -> 27 | M51: =(J51 + K51 + L51)*0.1 -> 2.7 | N51: =2+(0.33*W51) -> 2 | O51: =0.25*W51 -> 0 | P51: =0.25*W51 -> 0 | Q51: =[1]Данные!Q50 -> 0 | R51: =[1]Данные!R50 -> 0 | S51: =[1]Данные!S50 -> 0 | T51: =[1]Данные!T50 -> 0 | U51: =[1]Данные!U50 -> 0 | V51: =[1]Данные!V50 -> 0 | W51: =[1]Данные!W50 -> 0 | X51: =[1]Данные!X50 -> 0 | ... Z51: =[1]Данные!Z50 -> 0 | AA51: осн | BJ51: =IF(BJ$1=$D53,'Данные, контроль'!$AF52,0) -> 0 | BK51: =IF(BK$1=$D53,'Данные, контроль'!$AF52,0) -> 0 | BL51: =IF(BL$1=$D53,'Данные, контроль'!$AF52,0) -> 0 | BM51: =IF(BM$1=$D53,'Данные, контроль'!$AF52,0) -> 0 | BN51: =IF(BN$1=$D53,'Данные, контроль'!$AF52,0) -> 0 | BO51: =IF(BO$1=$D53,'Данные, контроль'!$AF52,0) -> 0 | BP51: =IF(BP$1=$D53,'Данные, контроль'!$AF52,0) -> 0 | BQ51: =IF(BQ$1=$D53,'Данные, контроль'!$AF52,0) -> 0 | ... EH51: =IF(EH$1=$D53,'Данные, контроль'!$AF52,0) -> 0
A52: 4848 | B52: 2016 | C52: компьютерных технологий и электронного обучения | D52: Государев Илья Борисович | E52: кандидат педагогических наук | F52: доцент | G52: 1 | H52: 15377 | I52: Модуль "Проектирование и разработка веб-решений " | J52: =[1]Данные!J51 -> 0 | K52: =[1]Данные!K51 -> 0 | L52: =[1]Данные!L51 -> 0 | M52: =(J52 + K52 + L52)*0.1 -> 0 | N52: =2+(0.33*W52) -> 2 | O52: =0.25*W52 -> 0 | P52: =0.25*W52 -> 0 | Q52: =[1]Данные!Q51 -> 0 | R52: =[1]Данные!R51 -> 0 | S52: =[1]Данные!S51 -> 0 | T52: =[1]Данные!T51 -> 0 | U52: =[1]Данные!U51 -> 0 | V52: =[1]Данные!V51 -> 0 | W52: =[1]Данные!W51 -> 0 | X52: =[1]Данные!X51 -> 0 | ... Z52: =[1]Данные!Z51 -> 0 | AA52: осн | BJ52: =IF(BJ$1=$D54,'Данные, контроль'!$AF53,0) -> 0 | BK52: =IF(BK$1=$D54,'Данные, контроль'!$AF53,0) -> 0 | BL52: =IF(BL$1=$D54,'Данные, контроль'!$AF53,0) -> 0 | BM52: =IF(BM$1=$D54,'Данные, контроль'!$AF53,0) -> 0 | BN52: =IF(BN$1=$D54,'Данные, контроль'!$AF53,0) -> 0 | BO52: =IF(BO$1=$D54,'Данные, контроль'!$AF53,0) -> 0 | BP52: =IF(BP$1=$D54,'Данные, контроль'!$AF53,0) -> 0 | BQ52: =IF(BQ$1=$D54,'Данные, контроль'!$AF53,0) -> 0 | ... EH52: =IF(EH$1=$D54,'Данные, контроль'!$AF53,0) -> 0
A53: 4848 | B53: 2016 | C53: компьютерных технологий и электронного обучения | D53: Государев Илья Борисович | E53: кандидат педагогических наук | F53: доцент | G53: 1 | H53: 15377 | I53: Модуль "Проектирование и разработка веб-решений ". Веб-проектирование и веб-дизайн | J53: =[1]Данные!J52 -> 17 | K53: =[1]Данные!K52 -> 17 | L53: =[1]Данные!L52 -> 20 | M53: =(J53 + K53 + L53)*0.1 -> 5.4 | N53: =2+(0.33*W53) -> 2 | O53: =0.25*W53 -> 0 | P53: =0.25*W53 -> 0 | Q53: =[1]Данные!Q52 -> 0 | R53: =[1]Данные!R52 -> 0 | S53: =[1]Данные!S52 -> 0 | T53: =[1]Данные!T52 -> 0 | U53: =[1]Данные!U52 -> 0 | V53: =[1]Данные!V52 -> 0 | W53: =[1]Данные!W52 -> 0 | X53: =[1]Данные!X52 -> 0 | ... Z53: =[1]Данные!Z52 -> 0 | AA53: осн | BJ53: =IF(BJ$1=$D55,'Данные, контроль'!$AF54,0) -> 0 | BK53: =IF(BK$1=$D55,'Данные, контроль'!$AF54,0) -> 0 | BL53: =IF(BL$1=$D55,'Данные, контроль'!$AF54,0) -> 0 | BM53: =IF(BM$1=$D55,'Данные, контроль'!$AF54,0) -> 0 | BN53: =IF(BN$1=$D55,'Данные, контроль'!$AF54,0) -> 0 | BO53: =IF(BO$1=$D55,'Данные, контроль'!$AF54,0) -> 0 | BP53: =IF(BP$1=$D55,'Данные, контроль'!$AF54,0) -> 0 | BQ53: =IF(BQ$1=$D55,'Данные, контроль'!$AF54,0) -> 0 | ... EH53: =IF(EH$1=$D55,'Данные, контроль'!$AF54,0) -> 0
A54: 4848 | B54: 2016 | C54: компьютерных технологий и электронного обучения | D54: Государев Илья Борисович | E54: кандидат педагогических наук | F54: доцент | G54: 1 | H54: 15377 | I54: Модуль "Проектирование и разработка веб-решений ". Компьютерный практикум | J54: =[1]Данные!J53 -> 0 | K54: =[1]Данные!K53 -> 0 | L54: =[1]Данные!L53 -> 36 | M54: =(J54 + K54 + L54)*0.1 -> 3.6 | N54: =2+(0.33*W54) -> 2 | O54: =0.25*W54 -> 0 | P54: =0.25*W54 -> 0 | Q54: =[1]Данные!Q53 -> 0 | R54: =[1]Данные!R53 -> 0 | S54: =[1]Данные!S53 -> 0 | T54: =[1]Данные!T53 -> 0 | U54: =[1]Данные!U53 -> 0 | V54: =[1]Данные!V53 -> 0 | W54: =[1]Данные!W53 -> 0 | X54: =[1]Данные!X53 -> 0 | ... Z54: =[1]Данные!Z53 -> 0 | AA54: осн | BJ54: =IF(BJ$1=$D56,'Данные, контроль'!$AF55,0) -> 0 | BK54: =IF(BK$1=$D56,'Данные, контроль'!$AF55,0) -> 0 | BL54: =IF(BL$1=$D56,'Данные, контроль'!$AF55,0) -> 0 | BM54: =IF(BM$1=$D56,'Данные, контроль'!$AF55,0) -> 0 | BN54: =IF(BN$1=$D56,'Данные, контроль'!$AF55,0) -> 0 | BO54: =IF(BO$1=$D56,'Данные, контроль'!$AF55,0) -> 0 | BP54: =IF(BP$1=$D56,'Данные, контроль'!$AF55,0) -> 0 | BQ54: =IF(BQ$1=$D56,'Данные, контроль'!$AF55,0) -> 0 | ... EH54: =IF(EH$1=$D56,'Данные, контроль'!$AF55,0) -> 0
A55: 4848 | B55: 2016 | C55: компьютерных технологий и электронного обучения | D55: Государев Илья Борисович | E55: кандидат педагогических наук | F55: доцент | G55: 1 | H55: 15377 | I55: Модуль "Проектирование и разработка веб-решений ". Разработка интерфейсов обогащенных веб-приложений | J55: =[1]Данные!J54 -> 0 | K55: =[1]Данные!K54 -> 0 | L55: =[1]Данные!L54 -> 36 | M55: =(J55 + K55 + L55)*0.1 -> 3.6 | N55: =2+(0.33*W55) -> 2 | O55: =0.25*W55 -> 0 | P55: =0.25*W55 -> 0 | Q55: =[1]Данные!Q54 -> 0 | R55: =[1]Данные!R54 -> 0 | S55: =[1]Данные!S54 -> 0 | T55: =[1]Данные!T54 -> 0 | U55: =[1]Данные!U54 -> 0 | V55: =[1]Данные!V54 -> 0 | W55: =[1]Данные!W54 -> 0 | X55: =[1]Данные!X54 -> 0 | ... Z55: =[1]Данные!Z54 -> 0 | AA55: осн | BJ55: =IF(BJ$1=$D57,'Данные, контроль'!$AF56,0) -> 0 | BK55: =IF(BK$1=$D57,'Данные, контроль'!$AF56,0) -> 0 | BL55: =IF(BL$1=$D57,'Данные, контроль'!$AF56,0) -> 0 | BM55: =IF(BM$1=$D57,'Данные, контроль'!$AF56,0) -> 0 | BN55: =IF(BN$1=$D57,'Данные, контроль'!$AF56,0) -> 0 | BO55: =IF(BO$1=$D57,'Данные, контроль'!$AF56,0) -> 0 | BP55: =IF(BP$1=$D57,'Данные, контроль'!$AF56,0) -> 0 | BQ55: =IF(BQ$1=$D57,'Данные, контроль'!$AF56,0) -> 0 | ... EH55: =IF(EH$1=$D57,'Данные, контроль'!$AF56,0) -> 0
A56: 4848 | B56: 2016 | C56: компьютерных технологий и электронного обучения | D56: Государев Илья Борисович | E56: кандидат педагогических наук | F56: доцент | G56: 1 | H56: 15377 | I56: Управление программными проектами | J56: =[1]Данные!J55 -> 14 | K56: =[1]Данные!K55 -> 0 | L56: =[1]Данные!L55 -> 0 | M56: =(J56 + K56 + L56)*0.1 -> 1.4 | N56: =2+(0.33*W56) -> 2 | O56: =0.25*W56 -> 0 | P56: =0.25*W56 -> 0 | Q56: =[1]Данные!Q55 -> 0 | R56: =[1]Данные!R55 -> 0 | S56: =[1]Данные!S55 -> 0 | T56: =[1]Данные!T55 -> 0 | U56: =[1]Данные!U55 -> 0 | V56: =[1]Данные!V55 -> 0 | W56: =[1]Данные!W55 -> 0 | X56: =[1]Данные!X55 -> 0 | ... Z56: =[1]Данные!Z55 -> 0 | BJ56: =IF(BJ$1=$D58,'Данные, контроль'!$AF57,0) -> 0 | BK56: =IF(BK$1=$D58,'Данные, контроль'!$AF57,0) -> 0 | BL56: =IF(BL$1=$D58,'Данные, контроль'!$AF57,0) -> 0 | BM56: =IF(BM$1=$D58,'Данные, контроль'!$AF57,0) -> 0 | BN56: =IF(BN$1=$D58,'Данные, контроль'!$AF57,0) -> 0 | BO56: =IF(BO$1=$D58,'Данные, контроль'!$AF57,0) -> 0 | BP56: =IF(BP$1=$D58,'Данные, контроль'!$AF57,0) -> 0 | BQ56: =IF(BQ$1=$D58,'Данные, контроль'!$AF57,0) -> 0 | ... EH56: =IF(EH$1=$D58,'Данные, контроль'!$AF57,0) -> 0
A57: 4848 | B57: 2016 | C57: компьютерных технологий и электронного обучения | D57: Жуков Николай Николаевич | E57: нет | F57: ассистент | G57: 1 | H57: 15377 | I57: Модуль "Технологии и методы вычислений". Вычислительная математика | J57: =[1]Данные!J56 -> 0 | K57: =[1]Данные!K56 -> 0 | L57: =[1]Данные!L56 -> 34 | M57: =(J57 + K57 + L57)*0.1 -> 3.4 | N57: =2+(0.33*W57) -> 2 | O57: =0.25*W57 -> 0 | P57: =0.25*W57 -> 0 | Q57: =[1]Данные!Q56 -> 0 | R57: =[1]Данные!R56 -> 0 | S57: =[1]Данные!S56 -> 0 | T57: =[1]Данные!T56 -> 0 | U57: =[1]Данные!U56 -> 0 | V57: =[1]Данные!V56 -> 0 | W57: =[1]Данные!W56 -> 0 | X57: =[1]Данные!X56 -> 0 | ... Z57: =[1]Данные!Z56 -> 0 | AA57: осн | BJ57: =IF(BJ$1=$D59,'Данные, контроль'!$AF58,0) -> 0 | BK57: =IF(BK$1=$D59,'Данные, контроль'!$AF58,0) -> 0 | BL57: =IF(BL$1=$D59,'Данные, контроль'!$AF58,0) -> 0 | BM57: =IF(BM$1=$D59,'Данные, контроль'!$AF58,0) -> 0 | BN57: =IF(BN$1=$D59,'Данные, контроль'!$AF58,0) -> 0 | BO57: =IF(BO$1=$D59,'Данные, контроль'!$AF58,0) -> 0 | BP57: =IF(BP$1=$D59,'Данные, контроль'!$AF58,0) -> 0 | BQ57: =IF(BQ$1=$D59,'Данные, контроль'!$AF58,0) -> 0 | ... EH57: =IF(EH$1=$D59,'Данные, контроль'!$AF58,0) -> 0
A58: 4848 | B58: 2016 | C58: компьютерных технологий и электронного обучения | D58: Жуков Николай Николаевич | E58: нет | F58: ассистент | G58: 1 | H58: 15377 | I58: Базы данных | J58: =[1]Данные!J57 -> 0 | K58: =[1]Данные!K57 -> 0 | L58: =[1]Данные!L57 -> 34 | M58: =(J58 + K58 + L58)*0.1 -> 3.4 | N58: =2+(0.33*W58) -> 2 | O58: =0.25*W58 -> 0 | P58: =0.25*W58 -> 0 | Q58: =[1]Данные!Q57 -> 0 | R58: =[1]Данные!R57 -> 0 | S58: =[1]Данные!S57 -> 0 | T58: =[1]Данные!T57 -> 0 | U58: =[1]Данные!U57 -> 0 | V58: =[1]Данные!V57 -> 0 | W58: =[1]Данные!W57 -> 0 | X58: =[1]Данные!X57 -> 0 | ... Z58: =[1]Данные!Z57 -> 0 | BJ58: =IF(BJ$1=$D60,'Данные, контроль'!$AF59,0) -> 0 | BK58: =IF(BK$1=$D60,'Данные, контроль'!$AF59,0) -> 0 | BL58: =IF(BL$1=$D60,'Данные, контроль'!$AF59,0) -> 0 | BM58: =IF(BM$1=$D60,'Данные, контроль'!$AF59,0) -> 0 | BN58: =IF(BN$1=$D60,'Данные, контроль'!$AF59,0) -> 0 | BO58: =IF(BO$1=$D60,'Данные, контроль'!$AF59,0) -> 0 | BP58: =IF(BP$1=$D60,'Данные, контроль'!$AF59,0) -> 0 | BQ58: =IF(BQ$1=$D60,'Данные, контроль'!$AF59,0) -> 0 | ... EH58: =IF(EH$1=$D60,'Данные, контроль'!$AF59,0) -> 0
A59: 4848 | B59: 2016 | C59: компьютерных технологий и электронного обучения | D59: Жуков Николай Николаевич | E59: нет | F59: ассистент | G59: 1 | H59: 15377 | I59: Программирование | J59: =[1]Данные!J58 -> 0 | K59: =[1]Данные!K58 -> 0 | L59: =[1]Данные!L58 -> 34 | M59: =(J59 + K59 + L59)*0.1 -> 3.4 | N59: =2+(0.33*W59) -> 2 | O59: =0.25*W59 -> 0 | P59: =0.25*W59 -> 0 | Q59: =[1]Данные!Q58 -> 0 | R59: =[1]Данные!R58 -> 0 | S59: =[1]Данные!S58 -> 0 | T59: =[1]Данные!T58 -> 0 | U59: =[1]Данные!U58 -> 0 | V59: =[1]Данные!V58 -> 0 | W59: =[1]Данные!W58 -> 0 | X59: =[1]Данные!X58 -> 0 | ... Z59: =[1]Данные!Z58 -> 0 | AA59: осн | BJ59: =IF(BJ$1=$D61,'Данные, контроль'!$AF60,0) -> 0 | BK59: =IF(BK$1=$D61,'Данные, контроль'!$AF60,0) -> 0 | BL59: =IF(BL$1=$D61,'Данные, контроль'!$AF60,0) -> 0 | BM59: =IF(BM$1=$D61,'Данные, контроль'!$AF60,0) -> 0 | BN59: =IF(BN$1=$D61,'Данные, контроль'!$AF60,0) -> 0 | BO59: =IF(BO$1=$D61,'Данные, контроль'!$AF60,0) -> 0 | BP59: =IF(BP$1=$D61,'Данные, контроль'!$AF60,0) -> 0 | BQ59: =IF(BQ$1=$D61,'Данные, контроль'!$AF60,0) -> 0 | ... EH59: =IF(EH$1=$D61,'Данные, контроль'!$AF60,0) -> 0
A60: 4848 | B60: 2016 | C60: компьютерных технологий и электронного обучения | D60: Жуков Николай Николаевич | E60: нет | F60: ассистент | G60: 1 | H60: 15377 | I60: Управление программными проектами | J60: =[1]Данные!J59 -> 0 | K60: =[1]Данные!K59 -> 0 | L60: =[1]Данные!L59 -> 32 | M60: =(J60 + K60 + L60)*0.1 -> 3.2 | N60: =2+(0.33*W60) -> 2 | O60: =0.25*W60 -> 0 | P60: =0.25*W60 -> 0 | Q60: =[1]Данные!Q59 -> 0 | R60: =[1]Данные!R59 -> 0 | S60: =[1]Данные!S59 -> 0 | T60: =[1]Данные!T59 -> 0 | U60: =[1]Данные!U59 -> 0 | V60: =[1]Данные!V59 -> 0 | W60: =[1]Данные!W59 -> 0 | X60: =[1]Данные!X59 -> 0 | ... Z60: =[1]Данные!Z59 -> 0 | AA60: осн | BJ60: =IF(BJ$1=$D62,'Данные, контроль'!$AF61,0) -> 0 | BK60: =IF(BK$1=$D62,'Данные, контроль'!$AF61,0) -> 0 | BL60: =IF(BL$1=$D62,'Данные, контроль'!$AF61,0) -> 0 | BM60: =IF(BM$1=$D62,'Данные, контроль'!$AF61,0) -> 0 | BN60: =IF(BN$1=$D62,'Данные, контроль'!$AF61,0) -> 0 | BO60: =IF(BO$1=$D62,'Данные, контроль'!$AF61,0) -> 0 | BP60: =IF(BP$1=$D62,'Данные, контроль'!$AF61,0) -> 0 | BQ60: =IF(BQ$1=$D62,'Данные, контроль'!$AF61,0) -> 0 | ... EH60: =IF(EH$1=$D62,'Данные, контроль'!$AF61,0) -> 0
A61: 4848 | B61: 2016 | C61: компьютерных технологий и электронного обучения | D61: Жуков Николай Николаевич | E61: нет | F61: ассистент | G61: 1 | H61: 15377 | I61: Модуль "Проектирование и разработка веб-решений ". Веб-проектирование и веб-дизайн | J61: =[1]Данные!J60 -> 0 | K61: =[1]Данные!K60 -> 0 | L61: =[1]Данные!L60 -> 14 | M61: =(J61 + K61 + L61)*0.1 -> 1.4 | N61: =2+(0.33*W61) -> 2 | O61: =0.25*W61 -> 0 | P61: =0.25*W61 -> 0 | Q61: =[1]Данные!Q60 -> 0 | R61: =[1]Данные!R60 -> 0 | S61: =[1]Данные!S60 -> 0 | T61: =[1]Данные!T60 -> 0 | U61: =[1]Данные!U60 -> 0 | V61: =[1]Данные!V60 -> 0 | W61: =[1]Данные!W60 -> 0 | X61: =[1]Данные!X60 -> 0 | ... Z61: =[1]Данные!Z60 -> 0 | BJ61: =IF(BJ$1=$D63,'Данные, контроль'!$AF62,0) -> 0 | BK61: =IF(BK$1=$D63,'Данные, контроль'!$AF62,0) -> 0 | BL61: =IF(BL$1=$D63,'Данные, контроль'!$AF62,0) -> 0.14211765 | BM61: =IF(BM$1=$D63,'Данные, контроль'!$AF62,0) -> 0 | BN61: =IF(BN$1=$D63,'Данные, контроль'!$AF62,0) -> 0 | BO61: =IF(BO$1=$D63,'Данные, контроль'!$AF62,0) -> 0 | BP61: =IF(BP$1=$D63,'Данные, контроль'!$AF62,0) -> 0 | BQ61: =IF(BQ$1=$D63,'Данные, контроль'!$AF62,0) -> 0 | ... EH61: =IF(EH$1=$D63,'Данные, контроль'!$AF62,0) -> 0
A62: 4848 | B62: 2016 | C62: компьютерных технологий и электронного обучения | D62: Ильина Татьяна Сергеевна | E62: нет | F62: старший преподаватель | G62: 1 | H62: 15377 | I62: Математика | J62: =[1]Данные!J61 -> 54 | K62: =[1]Данные!K61 -> 54 | L62: =[1]Данные!L61 -> 0 | M62: =(J62 + K62 + L62)*0.1 -> 10.8 | N62: =2+(0.33*W62) -> 2 | O62: =0.25*W62 -> 0 | P62: =0.25*W62 -> 0 | Q62: =[1]Данные!Q61 -> 0 | R62: =[1]Данные!R61 -> 0 | S62: =[1]Данные!S61 -> 0 | T62: =[1]Данные!T61 -> 0 | U62: =[1]Данные!U61 -> 0 | V62: =[1]Данные!V61 -> 0 | W62: =[1]Данные!W61 -> 0 | X62: =[1]Данные!X61 -> 0 | ... Z62: =[1]Данные!Z61 -> 0 | AA62: осн | BJ62: =IF(BJ$1=$D64,'Данные, контроль'!$AF63,0) -> 0 | BK62: =IF(BK$1=$D64,'Данные, контроль'!$AF63,0) -> 0 | BL62: =IF(BL$1=$D64,'Данные, контроль'!$AF63,0) -> 0.080875 | BM62: =IF(BM$1=$D64,'Данные, контроль'!$AF63,0) -> 0 | BN62: =IF(BN$1=$D64,'Данные, контроль'!$AF63,0) -> 0 | BO62: =IF(BO$1=$D64,'Данные, контроль'!$AF63,0) -> 0 | BP62: =IF(BP$1=$D64,'Данные, контроль'!$AF63,0) -> 0 | BQ62: =IF(BQ$1=$D64,'Данные, контроль'!$AF63,0) -> 0 | ... EH62: =IF(EH$1=$D64,'Данные, контроль'!$AF63,0) -> 0
A63: 4848 | B63: 2017 | C63: компьютерных технологий и электронного обучения | D63: Авксентьева Елена Юрьевна | E63: кандидат педагогических наук | F63: доцент | G63: 1 | H63: 16003 | I63: Инженерная и компьютерная графика | J63: =[1]Данные!J62 -> 0 | K63: =[1]Данные!K62 -> 48 | L63: =[1]Данные!L62 -> 9 | M63: =(J63 + K63 + L63)*0.1 -> 5.7 | N63: =2+(0.33*W63) -> 2 | O63: =0.25*W63 -> 0 | P63: =0.25*W63 -> 0 | Q63: =[1]Данные!Q62 -> 0 | R63: =[1]Данные!R62 -> 0 | S63: =[1]Данные!S62 -> 0 | T63: =[1]Данные!T62 -> 0 | U63: =[1]Данные!U62 -> 0 | V63: =[1]Данные!V62 -> 0 | W63: =[1]Данные!W62 -> 0 | X63: =[1]Данные!X62 -> 0 | ... Z63: =[1]Данные!Z62 -> 0 | AA63: осн | BJ63: =IF(BJ$1=$D65,'Данные, контроль'!$AF64,0) -> 0 | BK63: =IF(BK$1=$D65,'Данные, контроль'!$AF64,0) -> 0 | BL63: =IF(BL$1=$D65,'Данные, контроль'!$AF64,0) -> 0.07675 | BM63: =IF(BM$1=$D65,'Данные, контроль'!$AF64,0) -> 0 | BN63: =IF(BN$1=$D65,'Данные, контроль'!$AF64,0) -> 0 | BO63: =IF(BO$1=$D65,'Данные, контроль'!$AF64,0) -> 0 | BP63: =IF(BP$1=$D65,'Данные, контроль'!$AF64,0) -> 0 | BQ63: =IF(BQ$1=$D65,'Данные, контроль'!$AF64,0) -> 0 | ... EH63: =IF(EH$1=$D65,'Данные, контроль'!$AF64,0) -> 0
A64: 4848 | B64: 2017 | C64: компьютерных технологий и электронного обучения | D64: Авксентьева Елена Юрьевна | E64: кандидат педагогических наук | F64: доцент | G64: 1 | H64: 16003 | I64: Программирование | J64: =[1]Данные!J63 -> 54 | K64: =[1]Данные!K63 -> 0 | L64: =[1]Данные!L63 -> 0 | M64: =(J64 + K64 + L64)*0.1 -> 5.4 | N64: =2+(0.33*W64) -> 2 | O64: =0.25*W64 -> 0 | P64: =0.25*W64 -> 0 | Q64: =[1]Данные!Q63 -> 0 | R64: =[1]Данные!R63 -> 0 | S64: =[1]Данные!S63 -> 0 | T64: =[1]Данные!T63 -> 0 | U64: =[1]Данные!U63 -> 0 | V64: =[1]Данные!V63 -> 0 | W64: =[1]Данные!W63 -> 0 | X64: =[1]Данные!X63 -> 0 | ... Z64: =[1]Данные!Z63 -> 0 | AA64: осн | BJ64: =IF(BJ$1=$D66,'Данные, контроль'!$AF65,0) -> 0 | BK64: =IF(BK$1=$D66,'Данные, контроль'!$AF65,0) -> 0 | BL64: =IF(BL$1=$D66,'Данные, контроль'!$AF65,0) -> 0 | BM64: =IF(BM$1=$D66,'Данные, контроль'!$AF65,0) -> 0 | BN64: =IF(BN$1=$D66,'Данные, контроль'!$AF65,0) -> 0.1015 | BO64: =IF(BO$1=$D66,'Данные, контроль'!$AF65,0) -> 0 | BP64: =IF(BP$1=$D66,'Данные, контроль'!$AF65,0) -> 0 | BQ64: =IF(BQ$1=$D66,'Данные, контроль'!$AF65,0) -> 0 | ... EH64: =IF(EH$1=$D66,'Данные, контроль'!$AF65,0) -> 0
A65: 4848 | B65: 2017 | C65: компьютерных технологий и электронного обучения | D65: Авксентьева Елена Юрьевна | E65: кандидат педагогических наук | F65: доцент | G65: 1 | H65: 16003 | I65: Сети и телекоммуникации | J65: =[1]Данные!J64 -> 24 | K65: =[1]Данные!K64 -> 0 | L65: =[1]Данные!L64 -> 48 | M65: =(J65 + K65 + L65)*0.1 -> 7.2 | N65: =2+(0.33*W65) -> 2 | O65: =0.25*W65 -> 0 | P65: =0.25*W65 -> 0 | Q65: =[1]Данные!Q64 -> 0 | R65: =[1]Данные!R64 -> 0 | S65: =[1]Данные!S64 -> 0 | T65: =[1]Данные!T64 -> 0 | U65: =[1]Данные!U64 -> 0 | V65: =[1]Данные!V64 -> 0 | W65: =[1]Данные!W64 -> 0 | X65: =[1]Данные!X64 -> 0 | ... Z65: =[1]Данные!Z64 -> 0 | AA65: осн | BJ65: =IF(BJ$1=$D67,'Данные, контроль'!$AF66,0) -> 0 | BK65: =IF(BK$1=$D67,'Данные, контроль'!$AF66,0) -> 0 | BL65: =IF(BL$1=$D67,'Данные, контроль'!$AF66,0) -> 0 | BM65: =IF(BM$1=$D67,'Данные, контроль'!$AF66,0) -> 0 | BN65: =IF(BN$1=$D67,'Данные, контроль'!$AF66,0) -> 0.056 | BO65: =IF(BO$1=$D67,'Данные, контроль'!$AF66,0) -> 0 | BP65: =IF(BP$1=$D67,'Данные, контроль'!$AF66,0) -> 0 | BQ65: =IF(BQ$1=$D67,'Данные, контроль'!$AF66,0) -> 0 | ... EH65: =IF(EH$1=$D67,'Данные, контроль'!$AF66,0) -> 0
A66: 4848 | B66: 2017 | C66: компьютерных технологий и электронного обучения | D66: Аксютин Павел Александрович | E66: нет | F66: ассистент | G66: 0.5 | H66: 16003 | I66: Модуль "Информационные технологии". Дисциплины и курсы по выбору. Прикладные информационные технологии | J66: =[1]Данные!J65 -> 0 | K66: =[1]Данные!K65 -> 22 | L66: =[1]Данные!L65 -> 22 | M66: =(J66 + K66 + L66)*0.1 -> 4.4 | N66: =2+(0.33*W66) -> 2 | O66: =0.25*W66 -> 0 | P66: =0.25*W66 -> 0 | Q66: =[1]Данные!Q65 -> 0 | R66: =[1]Данные!R65 -> 0 | S66: =[1]Данные!S65 -> 0 | T66: =[1]Данные!T65 -> 0 | U66: =[1]Данные!U65 -> 0 | V66: =[1]Данные!V65 -> 0 | W66: =[1]Данные!W65 -> 0 | X66: =[1]Данные!X65 -> 0 | ... Z66: =[1]Данные!Z65 -> 0 | AA66: осн | BJ66: =IF(BJ$1=$D68,'Данные, контроль'!$AF67,0) -> 0 | BK66: =IF(BK$1=$D68,'Данные, контроль'!$AF67,0) -> 0 | BL66: =IF(BL$1=$D68,'Данные, контроль'!$AF67,0) -> 0 | BM66: =IF(BM$1=$D68,'Данные, контроль'!$AF67,0) -> 0 | BN66: =IF(BN$1=$D68,'Данные, контроль'!$AF67,0) -> 0.043777778 | BO66: =IF(BO$1=$D68,'Данные, контроль'!$AF67,0) -> 0 | BP66: =IF(BP$1=$D68,'Данные, контроль'!$AF67,0) -> 0 | BQ66: =IF(BQ$1=$D68,'Данные, контроль'!$AF67,0) -> 0 | ... EH66: =IF(EH$1=$D68,'Данные, контроль'!$AF67,0) -> 0
A67: 4848 | B67: 2017 | C67: компьютерных технологий и электронного обучения | D67: Аксютин Павел Александрович | E67: нет | F67: ассистент | G67: 0.5 | H67: 16003 | I67: Модуль "Информационные технологии". Техника и технологии представления и публикации информации | J67: =[1]Данные!J66 -> 0 | K67: =[1]Данные!K66 -> 0 | L67: =[1]Данные!L66 -> 34 | M67: =(J67 + K67 + L67)*0.1 -> 3.4 | N67: =2+(0.33*W67) -> 2 | O67: =0.25*W67 -> 0 | P67: =0.25*W67 -> 0 | Q67: =[1]Данные!Q66 -> 0 | R67: =[1]Данные!R66 -> 0 | S67: =[1]Данные!S66 -> 0 | T67: =[1]Данные!T66 -> 0 | U67: =[1]Данные!U66 -> 0 | V67: =[1]Данные!V66 -> 0 | W67: =[1]Данные!W66 -> 0 | X67: =[1]Данные!X66 -> 0 | ... Z67: =[1]Данные!Z66 -> 0 | BJ67: =IF(BJ$1=$D69,'Данные, контроль'!$AF68,0) -> 0 | BK67: =IF(BK$1=$D69,'Данные, контроль'!$AF68,0) -> 0 | BL67: =IF(BL$1=$D69,'Данные, контроль'!$AF68,0) -> 0 | BM67: =IF(BM$1=$D69,'Данные, контроль'!$AF68,0) -> 0 | BN67: =IF(BN$1=$D69,'Данные, контроль'!$AF68,0) -> 0.038888889 | BO67: =IF(BO$1=$D69,'Данные, контроль'!$AF68,0) -> 0 | BP67: =IF(BP$1=$D69,'Данные, контроль'!$AF68,0) -> 0 | BQ67: =IF(BQ$1=$D69,'Данные, контроль'!$AF68,0) -> 0 | ... EH67: =IF(EH$1=$D69,'Данные, контроль'!$AF68,0) -> 0
A68: 4848 | B68: 2017 | C68: компьютерных технологий и электронного обучения | D68: Аксютин Павел Александрович | E68: нет | F68: ассистент | G68: 0.5 | H68: 16003 | I68: Модуль "Информационные технологии". Основы корпоративного электронного обучения | J68: =[1]Данные!J67 -> 0 | K68: =[1]Данные!K67 -> 10 | L68: =[1]Данные!L67 -> 20 | M68: =(J68 + K68 + L68)*0.1 -> 3 | N68: =2+(0.33*W68) -> 2 | O68: =0.25*W68 -> 0 | P68: =0.25*W68 -> 0 | Q68: =[1]Данные!Q67 -> 0 | R68: =[1]Данные!R67 -> 0 | S68: =[1]Данные!S67 -> 0 | T68: =[1]Данные!T67 -> 0 | U68: =[1]Данные!U67 -> 0 | V68: =[1]Данные!V67 -> 0 | W68: =[1]Данные!W67 -> 0 | X68: =[1]Данные!X67 -> 0 | ... Z68: =[1]Данные!Z67 -> 0 | BJ68: =IF(BJ$1=$D70,'Данные, контроль'!$AF69,0) -> 0 | BK68: =IF(BK$1=$D70,'Данные, контроль'!$AF69,0) -> 0 | BL68: =IF(BL$1=$D70,'Данные, контроль'!$AF69,0) -> 0 | BM68: =IF(BM$1=$D70,'Данные, контроль'!$AF69,0) -> 0 | BN68: =IF(BN$1=$D70,'Данные, контроль'!$AF69,0) -> 0 | BO68: =IF(BO$1=$D70,'Данные, контроль'!$AF69,0) -> 0 | BP68: =IF(BP$1=$D70,'Данные, контроль'!$AF69,0) -> 0 | BQ68: =IF(BQ$1=$D70,'Данные, контроль'!$AF69,0) -> 0 | ... EH68: =IF(EH$1=$D70,'Данные, контроль'!$AF69,0) -> 0
A69: 4848 | B69: 2017 | C69: компьютерных технологий и электронного обучения | D69: Аксютин Павел Александрович | E69: нет | F69: ассистент | G69: 0.5 | H69: 16003 | I69: Программирование | J69: =[1]Данные!J68 -> 0 | K69: =[1]Данные!K68 -> 0 | L69: =[1]Данные!L68 -> 20 | M69: =(J69 + K69 + L69)*0.1 -> 2 | N69: =2+(0.33*W69) -> 2 | O69: =0.25*W69 -> 0 | P69: =0.25*W69 -> 0 | Q69: =[1]Данные!Q68 -> 0 | R69: =[1]Данные!R68 -> 0 | S69: =[1]Данные!S68 -> 0 | T69: =[1]Данные!T68 -> 0 | U69: =[1]Данные!U68 -> 0 | V69: =[1]Данные!V68 -> 0 | W69: =[1]Данные!W68 -> 0 | X69: =[1]Данные!X68 -> 0 | ... Z69: =[1]Данные!Z68 -> 0 | BJ69: =IF(BJ$1=$D71,'Данные, контроль'!$AF70,0) -> 0 | BK69: =IF(BK$1=$D71,'Данные, контроль'!$AF70,0) -> 0 | BL69: =IF(BL$1=$D71,'Данные, контроль'!$AF70,0) -> 0 | BM69: =IF(BM$1=$D71,'Данные, контроль'!$AF70,0) -> 0 | BN69: =IF(BN$1=$D71,'Данные, контроль'!$AF70,0) -> 0 | BO69: =IF(BO$1=$D71,'Данные, контроль'!$AF70,0) -> 0 | BP69: =IF(BP$1=$D71,'Данные, контроль'!$AF70,0) -> 0 | BQ69: =IF(BQ$1=$D71,'Данные, контроль'!$AF70,0) -> 0 | ... EH69: =IF(EH$1=$D71,'Данные, контроль'!$AF70,0) -> 0
A70: 4848 | B70: 2017 | C70: компьютерных технологий и электронного обучения | D70: Власова Елена Зотиковна | E70: доктор педагогических наук | F70: заведующий кафедрой | G70: 1 | H70: 16003 | I70: Подготовка к государственной итоговой аттестации | J70: =[1]Данные!J69 -> 10 | K70: =[1]Данные!K69 -> 8 | L70: =[1]Данные!L69 -> 0 | M70: =(J70 + K70 + L70)*0.1 -> 1.8 | N70: =2+(0.33*W70) -> 2 | O70: =0.25*W70 -> 0 | P70: =0.25*W70 -> 0 | Q70: =[1]Данные!Q69 -> 0 | R70: =[1]Данные!R69 -> 0 | S70: =[1]Данные!S69 -> 0 | T70: =[1]Данные!T69 -> 0 | U70: =[1]Данные!U69 -> 0 | V70: =[1]Данные!V69 -> 0 | W70: =[1]Данные!W69 -> 0 | X70: =[1]Данные!X69 -> 0 | ... Z70: =[1]Данные!Z69 -> 0 | AA70: осн | BJ70: =IF(BJ$1=$D72,'Данные, контроль'!$AF71,0) -> 0 | BK70: =IF(BK$1=$D72,'Данные, контроль'!$AF71,0) -> 0 | BL70: =IF(BL$1=$D72,'Данные, контроль'!$AF71,0) -> 0 | BM70: =IF(BM$1=$D72,'Данные, контроль'!$AF71,0) -> 0 | BN70: =IF(BN$1=$D72,'Данные, контроль'!$AF71,0) -> 0 | BO70: =IF(BO$1=$D72,'Данные, контроль'!$AF71,0) -> 0 | BP70: =IF(BP$1=$D72,'Данные, контроль'!$AF71,0) -> 0 | BQ70: =IF(BQ$1=$D72,'Данные, контроль'!$AF71,0) -> 0 | ... EH70: =IF(EH$1=$D72,'Данные, контроль'!$AF71,0) -> 0
A71: 4848 | B71: 2017 | C71: компьютерных технологий и электронного обучения | D71: Гончарова Светлана Викторовна | E71: кандидат педагогических наук | F71: доцент | G71: 1 | H71: 16003 | I71: Модуль "Информационные технологии". Основы корпоративного электронного обучения | J71: =[1]Данные!J70 -> 6 | K71: =[1]Данные!K70 -> 0 | L71: =[1]Данные!L70 -> 0 | M71: =(J71 + K71 + L71)*0.1 -> 0.6 | N71: =2+(0.33*W71) -> 2 | O71: =0.25*W71 -> 0 | P71: =0.25*W71 -> 0 | Q71: =[1]Данные!Q70 -> 0 | R71: =[1]Данные!R70 -> 0 | S71: =[1]Данные!S70 -> 0 | T71: =[1]Данные!T70 -> 0 | U71: =[1]Данные!U70 -> 0 | V71: =[1]Данные!V70 -> 0 | W71: =[1]Данные!W70 -> 0 | X71: =[1]Данные!X70 -> 0 | ... Z71: =[1]Данные!Z70 -> 0 | AA71: осн | BJ71: =IF(BJ$1=$D73,'Данные, контроль'!$AF72,0) -> 0 | BK71: =IF(BK$1=$D73,'Данные, контроль'!$AF72,0) -> 0 | BL71: =IF(BL$1=$D73,'Данные, контроль'!$AF72,0) -> 0 | BM71: =IF(BM$1=$D73,'Данные, контроль'!$AF72,0) -> 0 | BN71: =IF(BN$1=$D73,'Данные, контроль'!$AF72,0) -> 0 | BO71: =IF(BO$1=$D73,'Данные, контроль'!$AF72,0) -> 0 | BP71: =IF(BP$1=$D73,'Данные, контроль'!$AF72,0) -> 0 | BQ71: =IF(BQ$1=$D73,'Данные, контроль'!$AF72,0) -> 0 | ... EH71: =IF(EH$1=$D73,'Данные, контроль'!$AF72,0) -> 0
A72: 4848 | B72: 2017 | C72: компьютерных технологий и электронного обучения | D72: Карпова Наталья Александровна | E72: кандидат технических наук | F72: доцент | G72: 1 | H72: 16003 | I72: Модуль "Информационные технологии" | J72: =[1]Данные!J71 -> 0 | K72: =[1]Данные!K71 -> 0 | L72: =[1]Данные!L71 -> 0 | M72: =(J72 + K72 + L72)*0.1 -> 0 | N72: =2+(0.33*W72) -> 2 | O72: =0.25*W72 -> 0 | P72: =0.25*W72 -> 0 | Q72: =[1]Данные!Q71 -> 0 | R72: =[1]Данные!R71 -> 0 | S72: =[1]Данные!S71 -> 0 | T72: =[1]Данные!T71 -> 0 | U72: =[1]Данные!U71 -> 0 | V72: =[1]Данные!V71 -> 0 | W72: =[1]Данные!W71 -> 0 | X72: =[1]Данные!X71 -> 0 | ... Z72: =[1]Данные!Z71 -> 0 | AA72: осн | BJ72: =IF(BJ$1=$D74,'Данные, контроль'!$AF73,0) -> 0 | BK72: =IF(BK$1=$D74,'Данные, контроль'!$AF73,0) -> 0 | BL72: =IF(BL$1=$D74,'Данные, контроль'!$AF73,0) -> 0 | BM72: =IF(BM$1=$D74,'Данные, контроль'!$AF73,0) -> 0 | BN72: =IF(BN$1=$D74,'Данные, контроль'!$AF73,0) -> 0 | BO72: =IF(BO$1=$D74,'Данные, контроль'!$AF73,0) -> 0 | BP72: =IF(BP$1=$D74,'Данные, контроль'!$AF73,0) -> 0 | BQ72: =IF(BQ$1=$D74,'Данные, контроль'!$AF73,0) -> 0 | ... EH72: =IF(EH$1=$D74,'Данные, контроль'!$AF73,0) -> 0
A73: 4848 | B73: 2017 | C73: компьютерных технологий и электронного обучения | D73: Жуков Николай Николаевич | E73: нет | F73: ассистент | G73: 1 | H73: 16003 | I73: Инженерная и компьютерная графика | J73: =[1]Данные!J72 -> 0 | K73: =[1]Данные!K72 -> 0 | L73: =[1]Данные!L72 -> 54 | M73: =(J73 + K73 + L73)*0.1 -> 5.4 | N73: =2+(0.33*W73) -> 2 | O73: =0.25*W73 -> 0 | P73: =0.25*W73 -> 0 | Q73: =[1]Данные!Q72 -> 0 | R73: =[1]Данные!R72 -> 0 | S73: =[1]Данные!S72 -> 0 | T73: =[1]Данные!T72 -> 0 | U73: =[1]Данные!U72 -> 0 | V73: =[1]Данные!V72 -> 0 | W73: =[1]Данные!W72 -> 0 | X73: =[1]Данные!X72 -> 0 | ... Z73: =[1]Данные!Z72 -> 0 | AA73: осн | BJ73: =IF(BJ$1=$D75,'Данные, контроль'!$AF74,0) -> 0 | BK73: =IF(BK$1=$D75,'Данные, контроль'!$AF74,0) -> 0 | BL73: =IF(BL$1=$D75,'Данные, контроль'!$AF74,0) -> 0 | BM73: =IF(BM$1=$D75,'Данные, контроль'!$AF74,0) -> 0 | BN73: =IF(BN$1=$D75,'Данные, контроль'!$AF74,0) -> 0 | BO73: =IF(BO$1=$D75,'Данные, контроль'!$AF74,0) -> 0 | BP73: =IF(BP$1=$D75,'Данные, контроль'!$AF74,0) -> 0 | BQ73: =IF(BQ$1=$D75,'Данные, контроль'!$AF74,0) -> 0 | ... EH73: =IF(EH$1=$D75,'Данные, контроль'!$AF74,0) -> 0
A74: 4848 | B74: 2017 | C74: компьютерных технологий и электронного обучения | D74: Жуков Николай Николаевич | E74: нет | F74: ассистент | G74: 1 | H74: 16003 | I74: Программирование | J74: =[1]Данные!J73 -> 0 | K74: =[1]Данные!K73 -> 0 | L74: =[1]Данные!L73 -> 62 | M74: =(J74 + K74 + L74)*0.1 -> 6.2 | N74: =2+(0.33*W74) -> 2 | O74: =0.25*W74 -> 0 | P74: =0.25*W74 -> 0 | Q74: =[1]Данные!Q73 -> 0 | R74: =[1]Данные!R73 -> 0 | S74: =[1]Данные!S73 -> 0 | T74: =[1]Данные!T73 -> 0 | U74: =[1]Данные!U73 -> 0 | V74: =[1]Данные!V73 -> 0 | W74: =[1]Данные!W73 -> 0 | X74: =[1]Данные!X73 -> 0 | ... Z74: =[1]Данные!Z73 -> 0 | AA74: осн | BJ74: =IF(BJ$1=$D76,'Данные, контроль'!$AF75,0) -> 0 | BK74: =IF(BK$1=$D76,'Данные, контроль'!$AF75,0) -> 0 | BL74: =IF(BL$1=$D76,'Данные, контроль'!$AF75,0) -> 0 | BM74: =IF(BM$1=$D76,'Данные, контроль'!$AF75,0) -> 0 | BN74: =IF(BN$1=$D76,'Данные, контроль'!$AF75,0) -> 0 | BO74: =IF(BO$1=$D76,'Данные, контроль'!$AF75,0) -> 0 | BP74: =IF(BP$1=$D76,'Данные, контроль'!$AF75,0) -> 0 | BQ74: =IF(BQ$1=$D76,'Данные, контроль'!$AF75,0) -> 0 | ... EH74: =IF(EH$1=$D76,'Данные, контроль'!$AF75,0) -> 0
A75: 4848 | B75: 2017 | C75: компьютерных технологий и электронного обучения | D75: Жуков Николай Николаевич | E75: нет | F75: ассистент | G75: 1 | H75: 16003 | I75: Учебная практика. Информатика и вычислительная техника. Технологии разработки программного обеспечения | J75: =[1]Данные!J74 -> 0 | K75: =[1]Данные!K74 -> 0 | L75: =[1]Данные!L74 -> 0 | M75: =(J75 + K75 + L75)*0.1 -> 0 | N75: =2+(0.33*W75) -> 2 | O75: =0.25*W75 -> 0 | P75: =0.25*W75 -> 0 | Q75: =[1]Данные!Q74 -> 0 | R75: =[1]Данные!R74 -> 0 | S75: =[1]Данные!S74 -> 0 | T75: =[1]Данные!T74 -> 0 | U75: =[1]Данные!U74 -> 26 | V75: =[1]Данные!V74 -> 0 | W75: =[1]Данные!W74 -> 0 | X75: =[1]Данные!X74 -> 0 | ... Z75: =[1]Данные!Z74 -> 0 | AA75: осн | BJ75: =IF(BJ$1=$D77,'Данные, контроль'!$AF76,0) -> 0 | BK75: =IF(BK$1=$D77,'Данные, контроль'!$AF76,0) -> 0 | BL75: =IF(BL$1=$D77,'Данные, контроль'!$AF76,0) -> 0 | BM75: =IF(BM$1=$D77,'Данные, контроль'!$AF76,0) -> 0 | BN75: =IF(BN$1=$D77,'Данные, контроль'!$AF76,0) -> 0 | BO75: =IF(BO$1=$D77,'Данные, контроль'!$AF76,0) -> 0 | BP75: =IF(BP$1=$D77,'Данные, контроль'!$AF76,0) -> 0 | BQ75: =IF(BQ$1=$D77,'Данные, контроль'!$AF76,0) -> 0 | ... EH75: =IF(EH$1=$D77,'Данные, контроль'!$AF76,0) -> 0
A76: 4848 | B76: 2017 | C76: компьютерных технологий и электронного обучения | D76: Ильина Татьяна Сергеевна | E76: нет | F76: старший преподаватель | G76: 1 | H76: 16003 | I76: Модуль "Информационные технологии". Техника и технологии представления и публикации информации | J76: =[1]Данные!J75 -> 17 | K76: =[1]Данные!K75 -> 0 | L76: =[1]Данные!L75 -> 0 | M76: =(J76 + K76 + L76)*0.1 -> 1.7 | N76: =2+(0.33*W76) -> 2 | O76: =0.25*W76 -> 0 | P76: =0.25*W76 -> 0 | Q76: =[1]Данные!Q75 -> 0 | R76: =[1]Данные!R75 -> 0 | S76: =[1]Данные!S75 -> 0 | T76: =[1]Данные!T75 -> 0 | U76: =[1]Данные!U75 -> 0 | V76: =[1]Данные!V75 -> 0 | W76: =[1]Данные!W75 -> 0 | X76: =[1]Данные!X75 -> 0 | ... Z76: =[1]Данные!Z75 -> 0 | AA76: осн | BJ76: =IF(BJ$1=$D78,'Данные, контроль'!$AF77,0) -> 0 | BK76: =IF(BK$1=$D78,'Данные, контроль'!$AF77,0) -> 0 | BL76: =IF(BL$1=$D78,'Данные, контроль'!$AF77,0) -> 0 | BM76: =IF(BM$1=$D78,'Данные, контроль'!$AF77,0) -> 0 | BN76: =IF(BN$1=$D78,'Данные, контроль'!$AF77,0) -> 0 | BO76: =IF(BO$1=$D78,'Данные, контроль'!$AF77,0) -> 0 | BP76: =IF(BP$1=$D78,'Данные, контроль'!$AF77,0) -> 0 | BQ76: =IF(BQ$1=$D78,'Данные, контроль'!$AF77,0) -> 0 | ... EH76: =IF(EH$1=$D78,'Данные, контроль'!$AF77,0) -> 0
A77: 4848 | B77: 2017 | C77: компьютерных технологий и электронного обучения | D77: Ильина Татьяна Сергеевна | E77: нет | F77: старший преподаватель | G77: 1 | H77: 16003 | I77: Модуль "Информационные технологии". Дисциплины и курсы по выбору. Прикладные информационные технологии | J77: =[1]Данные!J76 -> 28 | K77: =[1]Данные!K76 -> 0 | L77: =[1]Данные!L76 -> 0 | M77: =(J77 + K77 + L77)*0.1 -> 2.8 | N77: =2+(0.33*W77) -> 2 | O77: =0.25*W77 -> 0 | P77: =0.25*W77 -> 0 | Q77: =[1]Данные!Q76 -> 0 | R77: =[1]Данные!R76 -> 0 | S77: =[1]Данные!S76 -> 0 | T77: =[1]Данные!T76 -> 0 | U77: =[1]Данные!U76 -> 0 | V77: =[1]Данные!V76 -> 0 | W77: =[1]Данные!W76 -> 0 | X77: =[1]Данные!X76 -> 0 | ... Z77: =[1]Данные!Z76 -> 0 | BJ77: =IF(BJ$1=$D79,'Данные, контроль'!$AF78,0) -> 0 | BK77: =IF(BK$1=$D79,'Данные, контроль'!$AF78,0) -> 0 | BL77: =IF(BL$1=$D79,'Данные, контроль'!$AF78,0) -> 0 | BM77: =IF(BM$1=$D79,'Данные, контроль'!$AF78,0) -> 0 | BN77: =IF(BN$1=$D79,'Данные, контроль'!$AF78,0) -> 0 | BO77: =IF(BO$1=$D79,'Данные, контроль'!$AF78,0) -> 0 | BP77: =IF(BP$1=$D79,'Данные, контроль'!$AF78,0) -> 0 | BQ77: =IF(BQ$1=$D79,'Данные, контроль'!$AF78,0) -> 0 | ... EH77: =IF(EH$1=$D79,'Данные, контроль'!$AF78,0) -> 0
A78: 4848 | B78: 2017 | C78: компьютерных технологий и электронного обучения | D78: Карпова Наталья Александровна | E78: кандидат технических наук | F78: доцент | G78: 1 | H78: 16003 | I78: Модуль "Информационные технологии". Интегрированные издательские системы и технологии | J78: =[1]Данные!J77 -> 16 | K78: =[1]Данные!K77 -> 0 | L78: =[1]Данные!L77 -> 20 | M78: =(J78 + K78 + L78)*0.1 -> 3.6 | N78: =2+(0.33*W78) -> 2 | O78: =0.25*W78 -> 0 | P78: =0.25*W78 -> 0 | Q78: =[1]Данные!Q77 -> 0 | R78: =[1]Данные!R77 -> 0 | S78: =[1]Данные!S77 -> 0 | T78: =[1]Данные!T77 -> 0 | U78: =[1]Данные!U77 -> 0 | V78: =[1]Данные!V77 -> 0 | W78: =[1]Данные!W77 -> 0 | X78: =[1]Данные!X77 -> 0 | ... Z78: =[1]Данные!Z77 -> 0 | AA78: осн | BJ78: =IF(BJ$1=$D80,'Данные, контроль'!$AF79,0) -> 0 | BK78: =IF(BK$1=$D80,'Данные, контроль'!$AF79,0) -> 0.031111111 | BL78: =IF(BL$1=$D80,'Данные, контроль'!$AF79,0) -> 0 | BM78: =IF(BM$1=$D80,'Данные, контроль'!$AF79,0) -> 0 | BN78: =IF(BN$1=$D80,'Данные, контроль'!$AF79,0) -> 0 | BO78: =IF(BO$1=$D80,'Данные, контроль'!$AF79,0) -> 0 | BP78: =IF(BP$1=$D80,'Данные, контроль'!$AF79,0) -> 0 | BQ78: =IF(BQ$1=$D80,'Данные, контроль'!$AF79,0) -> 0 | ... EH78: =IF(EH$1=$D80,'Данные, контроль'!$AF79,0) -> 0
A79: 4848 | B79: 2017 | C79: компьютерных технологий и электронного обучения | D79: Шалденкова Анна Владимировна | E79: кандидат физ.-мат. наук | F79: ассистент | G79: 1 | H79: 16003 | I79: Учебная практика. Информатика и вычислительная техника. Технологии разработки программного обеспечения | J79: =[1]Данные!J78 -> 0 | K79: =[1]Данные!K78 -> 0 | L79: =[1]Данные!L78 -> 0 | M79: =(J79 + K79 + L79)*0.1 -> 0 | N79: =2+(0.33*W79) -> 2 | O79: =0.25*W79 -> 0 | P79: =0.25*W79 -> 0 | Q79: =[1]Данные!Q78 -> 0 | R79: =[1]Данные!R78 -> 0 | S79: =[1]Данные!S78 -> 0 | T79: =[1]Данные!T78 -> 0 | U79: =[1]Данные!U78 -> 26 | V79: =[1]Данные!V78 -> 0 | W79: =[1]Данные!W78 -> 0 | X79: =[1]Данные!X78 -> 0 | ... Z79: =[1]Данные!Z78 -> 0 | AA79: осн | BJ79: =IF(BJ$1=$D81,'Данные, контроль'!$AF80,0) -> 0 | BK79: =IF(BK$1=$D81,'Данные, контроль'!$AF80,0) -> 0 | BL79: =IF(BL$1=$D81,'Данные, контроль'!$AF80,0) -> 0.0408 | BM79: =IF(BM$1=$D81,'Данные, контроль'!$AF80,0) -> 0 | BN79: =IF(BN$1=$D81,'Данные, контроль'!$AF80,0) -> 0 | BO79: =IF(BO$1=$D81,'Данные, контроль'!$AF80,0) -> 0 | BP79: =IF(BP$1=$D81,'Данные, контроль'!$AF80,0) -> 0 | BQ79: =IF(BQ$1=$D81,'Данные, контроль'!$AF80,0) -> 0 | ... EH79: =IF(EH$1=$D81,'Данные, контроль'!$AF80,0) -> 0
A80: 4848 | B80: 2018 | C80: компьютерных технологий и электронного обучения | D80: Абрамян Геннадий Владимирович | E80: доктор педагогических наук | F80: профессор | G80: 1 | H80: 17231 | I80: Модуль "Информационные системы". Теория информационных процессов и систем | J80: =[1]Данные!J79 -> 8 | K80: =[1]Данные!K79 -> 14 | L80: =[1]Данные!L79 -> 4 | M80: =(J80 + K80 + L80)*0.1 -> 2.6 | N80: =2+(0.33*W80) -> 2 | O80: =0.25*W80 -> 0 | P80: =0.25*W80 -> 0 | Q80: =[1]Данные!Q79 -> 0 | R80: =[1]Данные!R79 -> 0 | S80: =[1]Данные!S79 -> 0 | T80: =[1]Данные!T79 -> 0 | U80: =[1]Данные!U79 -> 0 | V80: =[1]Данные!V79 -> 0 | W80: =[1]Данные!W79 -> 0 | X80: =[1]Данные!X79 -> 0 | ... Z80: =[1]Данные!Z79 -> 0 | AA80: осн | BJ80: =IF(BJ$1=$D82,'Данные, контроль'!$AF81,0) -> 0 | BK80: =IF(BK$1=$D82,'Данные, контроль'!$AF81,0) -> 0 | BL80: =IF(BL$1=$D82,'Данные, контроль'!$AF81,0) -> 0.019 | BM80: =IF(BM$1=$D82,'Данные, контроль'!$AF81,0) -> 0 | BN80: =IF(BN$1=$D82,'Данные, контроль'!$AF81,0) -> 0 | BO80: =IF(BO$1=$D82,'Данные, контроль'!$AF81,0) -> 0 | BP80: =IF(BP$1=$D82,'Данные, контроль'!$AF81,0) -> 0 | BQ80: =IF(BQ$1=$D82,'Данные, контроль'!$AF81,0) -> 0 | ... EH80: =IF(EH$1=$D82,'Данные, контроль'!$AF81,0) -> 0
A81: 4848 | B81: 2018 | C81: компьютерных технологий и электронного обучения | D81: Авксентьева Елена Юрьевна | E81: кандидат педагогических наук | F81: доцент | G81: 1 | H81: 17231 | I81: Модуль "Информационные ресурсы и средства профессиональной деятельности инженера". Дисциплины и курсы по выбору. Программная инженерия | J81: =[1]Данные!J80 -> 12 | K81: =[1]Данные!K80 -> 0 | L81: =[1]Данные!L80 -> 0 | M81: =(J81 + K81 + L81)*0.1 -> 1.2 | N81: =2+(0.33*W81) -> 2 | O81: =0.25*W81 -> 0 | P81: =0.25*W81 -> 0 | Q81: =[1]Данные!Q80 -> 0 | R81: =[1]Данные!R80 -> 0 | S81: =[1]Данные!S80 -> 0 | T81: =[1]Данные!T80 -> 0 | U81: =[1]Данные!U80 -> 0 | V81: =[1]Данные!V80 -> 0 | W81: =[1]Данные!W80 -> 0 | X81: =[1]Данные!X80 -> 0 | ... Z81: =[1]Данные!Z80 -> 0 | AA81: осн | BJ81: =IF(BJ$1=$D83,'Данные, контроль'!$AF82,0) -> 0 | BK81: =IF(BK$1=$D83,'Данные, контроль'!$AF82,0) -> 0 | BL81: =IF(BL$1=$D83,'Данные, контроль'!$AF82,0) -> 0.04925 | BM81: =IF(BM$1=$D83,'Данные, контроль'!$AF82,0) -> 0 | BN81: =IF(BN$1=$D83,'Данные, контроль'!$AF82,0) -> 0 | BO81: =IF(BO$1=$D83,'Данные, контроль'!$AF82,0) -> 0 | BP81: =IF(BP$1=$D83,'Данные, контроль'!$AF82,0) -> 0 | BQ81: =IF(BQ$1=$D83,'Данные, контроль'!$AF82,0) -> 0 | ... EH81: =IF(EH$1=$D83,'Данные, контроль'!$AF82,0) -> 0
A82: 4848 | B82: 2018 | C82: компьютерных технологий и электронного обучения | D82: Авксентьева Елена Юрьевна | E82: кандидат педагогических наук | F82: доцент | G82: 1 | H82: 17231 | I82: Модуль "Информационные ресурсы и средства профессиональной деятельности инженера". Информационные средства и технологии инженерных и научных расчетов | J82: =[1]Данные!J81 -> 12 | K82: =[1]Данные!K81 -> 0 | L82: =[1]Данные!L81 -> 22 | M82: =(J82 + K82 + L82)*0.1 -> 3.4 | N82: =2+(0.33*W82) -> 2 | O82: =0.25*W82 -> 0 | P82: =0.25*W82 -> 0 | Q82: =[1]Данные!Q81 -> 0 | R82: =[1]Данные!R81 -> 0 | S82: =[1]Данные!S81 -> 0 | T82: =[1]Данные!T81 -> 0 | U82: =[1]Данные!U81 -> 0 | V82: =[1]Данные!V81 -> 0 | W82: =[1]Данные!W81 -> 0 | X82: =[1]Данные!X81 -> 0 | ... Z82: =[1]Данные!Z81 -> 0 | AA82: доп | BJ82: =IF(BJ$1=$D84,'Данные, контроль'!$AF83,0) -> 0 | BK82: =IF(BK$1=$D84,'Данные, контроль'!$AF83,0) -> 0 | BL82: =IF(BL$1=$D84,'Данные, контроль'!$AF83,0) -> 0.0025 | BM82: =IF(BM$1=$D84,'Данные, контроль'!$AF83,0) -> 0 | BN82: =IF(BN$1=$D84,'Данные, контроль'!$AF83,0) -> 0 | BO82: =IF(BO$1=$D84,'Данные, контроль'!$AF83,0) -> 0 | BP82: =IF(BP$1=$D84,'Данные, контроль'!$AF83,0) -> 0 | BQ82: =IF(BQ$1=$D84,'Данные, контроль'!$AF83,0) -> 0 | ... EH82: =IF(EH$1=$D84,'Данные, контроль'!$AF83,0) -> 0
A83: 4848 | B83: 2018 | C83: компьютерных технологий и электронного обучения | D83: Авксентьева Елена Юрьевна | E83: кандидат педагогических наук | F83: доцент | G83: 1 | H83: 17231 | I83: Модуль "Информационные системы" | J83: =[1]Данные!J82 -> 0 | K83: =[1]Данные!K82 -> 0 | L83: =[1]Данные!L82 -> 0 | M83: =(J83 + K83 + L83)*0.1 -> 0 | N83: =2+(0.33*W83) -> 2 | O83: =0.25*W83 -> 0 | P83: =0.25*W83 -> 0 | Q83: =[1]Данные!Q82 -> 0 | R83: =[1]Данные!R82 -> 0 | S83: =[1]Данные!S82 -> 0 | T83: =[1]Данные!T82 -> 0 | U83: =[1]Данные!U82 -> 0 | V83: =[1]Данные!V82 -> 0 | W83: =[1]Данные!W82 -> 0 | X83: =[1]Данные!X82 -> 0 | ... Z83: =[1]Данные!Z82 -> 0 | AA83: осн | BJ83: =IF(BJ$1=$D85,'Данные, контроль'!$AF84,0) -> 0 | BK83: =IF(BK$1=$D85,'Данные, контроль'!$AF84,0) -> 0 | BL83: =IF(BL$1=$D85,'Данные, контроль'!$AF84,0) -> 0.04375 | BM83: =IF(BM$1=$D85,'Данные, контроль'!$AF84,0) -> 0 | BN83: =IF(BN$1=$D85,'Данные, контроль'!$AF84,0) -> 0 | BO83: =IF(BO$1=$D85,'Данные, контроль'!$AF84,0) -> 0 | BP83: =IF(BP$1=$D85,'Данные, контроль'!$AF84,0) -> 0 | BQ83: =IF(BQ$1=$D85,'Данные, контроль'!$AF84,0) -> 0 | ... EH83: =IF(EH$1=$D85,'Данные, контроль'!$AF84,0) -> 0
A84: 4848 | B84: 2018 | C84: компьютерных технологий и электронного обучения | D84: Авксентьева Елена Юрьевна | E84: кандидат педагогических наук | F84: доцент | G84: 1 | H84: 17231 | I84: Модуль "Информационные системы". Интеллектуальные системы | J84: =[1]Данные!J83 -> 9 | K84: =[1]Данные!K83 -> 0 | L84: =[1]Данные!L83 -> 21 | M84: =(J84 + K84 + L84)*0.1 -> 3 | N84: =2+(0.33*W84) -> 2 | O84: =0.25*W84 -> 0 | P84: =0.25*W84 -> 0 | Q84: =[1]Данные!Q83 -> 0 | R84: =[1]Данные!R83 -> 0 | S84: =[1]Данные!S83 -> 0 | T84: =[1]Данные!T83 -> 0 | U84: =[1]Данные!U83 -> 0 | V84: =[1]Данные!V83 -> 0 | W84: =[1]Данные!W83 -> 0 | X84: =[1]Данные!X83 -> 0 | ... Z84: =[1]Данные!Z83 -> 0 | AA84: осн | BJ84: =IF(BJ$1=$D86,'Данные, контроль'!$AF85,0) -> 0 | BK84: =IF(BK$1=$D86,'Данные, контроль'!$AF85,0) -> 0 | BL84: =IF(BL$1=$D86,'Данные, контроль'!$AF85,0) -> 0.0025 | BM84: =IF(BM$1=$D86,'Данные, контроль'!$AF85,0) -> 0 | BN84: =IF(BN$1=$D86,'Данные, контроль'!$AF85,0) -> 0 | BO84: =IF(BO$1=$D86,'Данные, контроль'!$AF85,0) -> 0 | BP84: =IF(BP$1=$D86,'Данные, контроль'!$AF85,0) -> 0 | BQ84: =IF(BQ$1=$D86,'Данные, контроль'!$AF85,0) -> 0 | ... EH84: =IF(EH$1=$D86,'Данные, контроль'!$AF85,0) -> 0
A85: 4848 | B85: 2018 | C85: компьютерных технологий и электронного обучения | D85: Авксентьева Елена Юрьевна | E85: кандидат педагогических наук | F85: доцент | G85: 1 | H85: 17231 | I85: Руководство ВКР | J85: =[1]Данные!J84 -> 0 | K85: =[1]Данные!K84 -> 0 | L85: =[1]Данные!L84 -> 0 | M85: =(J85 + K85 + L85)*0.1 -> 0 | N85: =2+(0.33*W85) -> 2 | O85: =0.25*W85 -> 0 | P85: =0.25*W85 -> 0 | Q85: =[1]Данные!Q84 -> 0 | R85: =[1]Данные!R84 -> 0 | S85: =[1]Данные!S84 -> 0 | T85: =[1]Данные!T84 -> 0 | U85: =[1]Данные!U84 -> 0 | V85: =[1]Данные!V84 -> 0 | W85: =[1]Данные!W84 -> 0 | X85: =[1]Данные!X84 -> 0 | ... Z85: =[1]Данные!Z84 -> 0 | AA85: осн | BJ85: =IF(BJ$1=$D87,'Данные, контроль'!$AF86,0) -> 0 | BK85: =IF(BK$1=$D87,'Данные, контроль'!$AF86,0) -> 0 | BL85: =IF(BL$1=$D87,'Данные, контроль'!$AF86,0) -> 0.0025 | BM85: =IF(BM$1=$D87,'Данные, контроль'!$AF86,0) -> 0 | BN85: =IF(BN$1=$D87,'Данные, контроль'!$AF86,0) -> 0 | BO85: =IF(BO$1=$D87,'Данные, контроль'!$AF86,0) -> 0 | BP85: =IF(BP$1=$D87,'Данные, контроль'!$AF86,0) -> 0 | BQ85: =IF(BQ$1=$D87,'Данные, контроль'!$AF86,0) -> 0 | ... EH85: =IF(EH$1=$D87,'Данные, контроль'!$AF86,0) -> 0
A86: 4848 | B86: 2018 | C86: компьютерных технологий и электронного обучения | D86: Авксентьева Елена Юрьевна | E86: кандидат педагогических наук | F86: доцент | G86: 1 | H86: 17231 | I86: Производственная практика (преддипломная). Информатика и вычислительная техника. Технологии разработки программного обеспечения | J86: =[1]Данные!J85 -> 0 | K86: =[1]Данные!K85 -> 0 | L86: =[1]Данные!L85 -> 0 | M86: =(J86 + K86 + L86)*0.1 -> 0 | N86: =2+(0.33*W86) -> 2 | O86: =0.25*W86 -> 0 | P86: =0.25*W86 -> 0 | Q86: =[1]Данные!Q85 -> 0 | R86: =[1]Данные!R85 -> 0 | S86: =[1]Данные!S85 -> 0 | T86: =[1]Данные!T85 -> 0 | U86: =[1]Данные!U85 -> 0 | V86: =[1]Данные!V85 -> 0 | W86: =[1]Данные!W85 -> 0 | X86: =[1]Данные!X85 -> 0 | ... Z86: =[1]Данные!Z85 -> 0 | AA86: осн | BJ86: =IF(BJ$1=$D88,'Данные, контроль'!$AF87,0) -> 0 | BK86: =IF(BK$1=$D88,'Данные, контроль'!$AF87,0) -> 0 | BL86: =IF(BL$1=$D88,'Данные, контроль'!$AF87,0) -> 0 | BM86: =IF(BM$1=$D88,'Данные, контроль'!$AF87,0) -> 0 | BN86: =IF(BN$1=$D88,'Данные, контроль'!$AF87,0) -> 0 | BO86: =IF(BO$1=$D88,'Данные, контроль'!$AF87,0) -> 0.0025 | BP86: =IF(BP$1=$D88,'Данные, контроль'!$AF87,0) -> 0 | BQ86: =IF(BQ$1=$D88,'Данные, контроль'!$AF87,0) -> 0 | ... EH86: =IF(EH$1=$D88,'Данные, контроль'!$AF87,0) -> 0
A87: 4848 | B87: 2018 | C87: компьютерных технологий и электронного обучения | D87: Авксентьева Елена Юрьевна | E87: кандидат педагогических наук | F87: доцент | G87: 1 | H87: 17231 | I87: Производственная практика (технологическая). Информатика и вычислительная техника. Технологии разработки программного обеспечения | J87: =[1]Данные!J86 -> 0 | K87: =[1]Данные!K86 -> 0 | L87: =[1]Данные!L86 -> 0 | M87: =(J87 + K87 + L87)*0.1 -> 0 | N87: =2+(0.33*W87) -> 2 | O87: =0.25*W87 -> 0 | P87: =0.25*W87 -> 0 | Q87: =[1]Данные!Q86 -> 0 | R87: =[1]Данные!R86 -> 0 | S87: =[1]Данные!S86 -> 0 | T87: =[1]Данные!T86 -> 0 | U87: =[1]Данные!U86 -> 0 | V87: =[1]Данные!V86 -> 0 | W87: =[1]Данные!W86 -> 0 | X87: =[1]Данные!X86 -> 0 | ... Z87: =[1]Данные!Z86 -> 0 | AA87: осн | BJ87: =IF(BJ$1=$D89,'Данные, контроль'!$AF88,0) -> 0 | BK87: =IF(BK$1=$D89,'Данные, контроль'!$AF88,0) -> 0 | BL87: =IF(BL$1=$D89,'Данные, контроль'!$AF88,0) -> 0 | BM87: =IF(BM$1=$D89,'Данные, контроль'!$AF88,0) -> 0 | BN87: =IF(BN$1=$D89,'Данные, контроль'!$AF88,0) -> 0 | BO87: =IF(BO$1=$D89,'Данные, контроль'!$AF88,0) -> 0 | BP87: =IF(BP$1=$D89,'Данные, контроль'!$AF88,0) -> 0 | BQ87: =IF(BQ$1=$D89,'Данные, контроль'!$AF88,0) -> 0 | ... EH87: =IF(EH$1=$D89,'Данные, контроль'!$AF88,0) -> 0
A88: 4848 | B88: 2018 | C88: компьютерных технологий и электронного обучения | D88: Атаян Ануш Михайловна | E88: кандидат педагогических наук | F88: доцент | G88: 1 | H88: 17231 | I88: Дисциплины (модули) по выбору. IT-менеджмент | J88: =[1]Данные!J87 -> 4 | K88: =[1]Данные!K87 -> 0 | L88: =[1]Данные!L87 -> 0 | M88: =(J88 + K88 + L88)*0.1 -> 0.4 | N88: =2+(0.33*W88) -> 2 | O88: =0.25*W88 -> 0 | P88: =0.25*W88 -> 0 | Q88: =[1]Данные!Q87 -> 0 | R88: =[1]Данные!R87 -> 0 | S88: =[1]Данные!S87 -> 0 | T88: =[1]Данные!T87 -> 0 | U88: =[1]Данные!U87 -> 0 | V88: =[1]Данные!V87 -> 0 | W88: =[1]Данные!W87 -> 0 | X88: =[1]Данные!X87 -> 0 | ... Z88: =[1]Данные!Z87 -> 0 | AA88: осн | BJ88: =IF(BJ$1=$D90,'Данные, контроль'!$AF89,0) -> 0 | BK88: =IF(BK$1=$D90,'Данные, контроль'!$AF89,0) -> 0 | BL88: =IF(BL$1=$D90,'Данные, контроль'!$AF89,0) -> 0 | BM88: =IF(BM$1=$D90,'Данные, контроль'!$AF89,0) -> 0 | BN88: =IF(BN$1=$D90,'Данные, контроль'!$AF89,0) -> 0 | BO88: =IF(BO$1=$D90,'Данные, контроль'!$AF89,0) -> 0 | BP88: =IF(BP$1=$D90,'Данные, контроль'!$AF89,0) -> 0 | BQ88: =IF(BQ$1=$D90,'Данные, контроль'!$AF89,0) -> 0 | ... EH88: =IF(EH$1=$D90,'Данные, контроль'!$AF89,0) -> 0
A89: 4848 | B89: 2018 | C89: компьютерных технологий и электронного обучения | D89: Серегин Александр Николаевич | E89: кандидат технических наук | F89: внешний | G89: 1 | H89: 17231 | I89: Дисциплины (модули) по выбору. IT-менеджмент | J89: =[1]Данные!J88 -> 14 | K89: =[1]Данные!K88 -> 0 | L89: =[1]Данные!L88 -> 0 | M89: =(J89 + K89 + L89)*0.1 -> 1.4 | N89: =2+(0.33*W89) -> 2 | O89: =0.25*W89 -> 0 | P89: =0.25*W89 -> 0 | Q89: =[1]Данные!Q88 -> 0 | R89: =[1]Данные!R88 -> 0 | S89: =[1]Данные!S88 -> 0 | T89: =[1]Данные!T88 -> 0 | U89: =[1]Данные!U88 -> 0 | V89: =[1]Данные!V88 -> 0 | W89: =[1]Данные!W88 -> 0 | X89: =[1]Данные!X88 -> 0 | ... Z89: =[1]Данные!Z88 -> 0 | BJ89: =IF(BJ$1=$D91,'Данные, контроль'!$AF90,0) -> 0 | BK89: =IF(BK$1=$D91,'Данные, контроль'!$AF90,0) -> 0 | BL89: =IF(BL$1=$D91,'Данные, контроль'!$AF90,0) -> 0 | BM89: =IF(BM$1=$D91,'Данные, контроль'!$AF90,0) -> 0 | BN89: =IF(BN$1=$D91,'Данные, контроль'!$AF90,0) -> 0 | BO89: =IF(BO$1=$D91,'Данные, контроль'!$AF90,0) -> 0 | BP89: =IF(BP$1=$D91,'Данные, контроль'!$AF90,0) -> 0 | BQ89: =IF(BQ$1=$D91,'Данные, контроль'!$AF90,0) -> 0 | ... EH89: =IF(EH$1=$D91,'Данные, контроль'!$AF90,0) -> 0
A90: 4848 | B90: 2018 | C90: компьютерных технологий и электронного обучения | D90: Серегин Александр Николаевич | E90: кандидат технических наук | F90: внешний | G90: 1 | H90: 17231 | I90: Модуль "Информационные системы". Теория информационных процессов и систем | J90: =[1]Данные!J89 -> 0 | K90: =[1]Данные!K89 -> 0 | L90: =[1]Данные!L89 -> 10 | M90: =(J90 + K90 + L90)*0.1 -> 1 | N90: =2+(0.33*W90) -> 2 | O90: =0.25*W90 -> 0 | P90: =0.25*W90 -> 0 | Q90: =[1]Данные!Q89 -> 0 | R90: =[1]Данные!R89 -> 0 | S90: =[1]Данные!S89 -> 0 | T90: =[1]Данные!T89 -> 0 | U90: =[1]Данные!U89 -> 0 | V90: =[1]Данные!V89 -> 0 | W90: =[1]Данные!W89 -> 0 | X90: =[1]Данные!X89 -> 0 | ... Z90: =[1]Данные!Z89 -> 0 | BJ90: =IF(BJ$1=$D92,'Данные, контроль'!$AF91,0) -> 0 | BK90: =IF(BK$1=$D92,'Данные, контроль'!$AF91,0) -> 0 | BL90: =IF(BL$1=$D92,'Данные, контроль'!$AF91,0) -> 0 | BM90: =IF(BM$1=$D92,'Данные, контроль'!$AF91,0) -> 0 | BN90: =IF(BN$1=$D92,'Данные, контроль'!$AF91,0) -> 0 | BO90: =IF(BO$1=$D92,'Данные, контроль'!$AF91,0) -> 0 | BP90: =IF(BP$1=$D92,'Данные, контроль'!$AF91,0) -> 0 | BQ90: =IF(BQ$1=$D92,'Данные, контроль'!$AF91,0) -> 0 | ... EH90: =IF(EH$1=$D92,'Данные, контроль'!$AF91,0) -> 0
A91: 4848 | B91: 2019 | C91: компьютерных технологий и электронного обучения | D91: Копыльцов Александр Васильевич | E91: доктор технических наук | F91: внешний | G91: 1 | H91: 4 курс 2016 год/пост | I91: Модуль "Информационные системы" | J91: =[1]Данные!J90 -> 0 | K91: =[1]Данные!K90 -> 0 | L91: =[1]Данные!L90 -> 4 | M91: =(J91 + K91 + L91)*0.1 -> 0.4 | N91: =2+(0.33*W91) -> 2 | O91: =0.25*W91 -> 0 | P91: =0.25*W91 -> 0 | Q91: =[1]Данные!Q90 -> 0 | R91: =[1]Данные!R90 -> 0 | S91: =[1]Данные!S90 -> 0 | T91: =[1]Данные!T90 -> 0 | U91: =[1]Данные!U90 -> 0 | V91: =[1]Данные!V90 -> 0 | W91: =[1]Данные!W90 -> 0 | X91: =[1]Данные!X90 -> 0 | ... Z91: =[1]Данные!Z90 -> 0 | BJ91: =IF(BJ$1=$D93,'Данные, контроль'!$AF92,0) -> 0 | BK91: =IF(BK$1=$D93,'Данные, контроль'!$AF92,0) -> 0 | BL91: =IF(BL$1=$D93,'Данные, контроль'!$AF92,0) -> 0 | BM91: =IF(BM$1=$D93,'Данные, контроль'!$AF92,0) -> 0 | BN91: =IF(BN$1=$D93,'Данные, контроль'!$AF92,0) -> 0 | BO91: =IF(BO$1=$D93,'Данные, контроль'!$AF92,0) -> 0 | BP91: =IF(BP$1=$D93,'Данные, контроль'!$AF92,0) -> 0 | BQ91: =IF(BQ$1=$D93,'Данные, контроль'!$AF92,0) -> 0 | ... EH91: =IF(EH$1=$D93,'Данные, контроль'!$AF92,0) -> 0
A92: 4848 | B92: 2018 | C92: компьютерных технологий и электронного обучения | D92: Серегин Александр Николаевич | E92: кандидат технических наук | F92: внешний | G92: 1 | H92: 17231 | I92: Модуль "Информационные системы". Интеллектуальные системы | J92: =[1]Данные!J91 -> 0 | K92: =[1]Данные!K91 -> 0 | L92: =[1]Данные!L91 -> 0 | M92: =(J92 + K92 + L92)*0.1 -> 0 | N92: =2+(0.33*W92) -> 2 | O92: =0.25*W92 -> 0 | P92: =0.25*W92 -> 0 | Q92: =[1]Данные!Q91 -> 0 | R92: =[1]Данные!R91 -> 0 | S92: =[1]Данные!S91 -> 0 | T92: =[1]Данные!T91 -> 0 | U92: =[1]Данные!U91 -> 14 | V92: =[1]Данные!V91 -> 0 | W92: =[1]Данные!W91 -> 0 | X92: =[1]Данные!X91 -> 0 | ... Z92: =[1]Данные!Z91 -> 0 | BJ92: =IF(BJ$1=$D94,'Данные, контроль'!$AF93,0) -> 0 | BK92: =IF(BK$1=$D94,'Данные, контроль'!$AF93,0) -> 0 | BL92: =IF(BL$1=$D94,'Данные, контроль'!$AF93,0) -> 0 | BM92: =IF(BM$1=$D94,'Данные, контроль'!$AF93,0) -> 0 | BN92: =IF(BN$1=$D94,'Данные, контроль'!$AF93,0) -> 0 | BO92: =IF(BO$1=$D94,'Данные, контроль'!$AF93,0) -> 0 | BP92: =IF(BP$1=$D94,'Данные, контроль'!$AF93,0) -> 0 | BQ92: =IF(BQ$1=$D94,'Данные, контроль'!$AF93,0) -> 0 | ... EH92: =IF(EH$1=$D94,'Данные, контроль'!$AF93,0) -> 0
A93: 4848 | B93: 2018 | C93: компьютерных технологий и электронного обучения | D93: Воробьев Владимир Иванович | E93: доктор технических наук | F93: внешний | G93: 1 | H93: 17231 | I93: Производственная практика (преддипломная). Информатика и вычислительная техника. Технологии разработки программного обеспечения | J93: =[1]Данные!J92 -> 0 | K93: =[1]Данные!K92 -> 0 | L93: =[1]Данные!L92 -> 0 | M93: =(J93 + K93 + L93)*0.1 -> 0 | N93: =2+(0.33*W93) -> 2 | O93: =0.25*W93 -> 0 | P93: =0.25*W93 -> 0 | Q93: =[1]Данные!Q92 -> 0 | R93: =[1]Данные!R92 -> 0 | S93: =[1]Данные!S92 -> 0 | T93: =[1]Данные!T92 -> 0 | U93: =[1]Данные!U92 -> 10 | V93: =[1]Данные!V92 -> 0 | W93: =[1]Данные!W92 -> 0 | X93: =[1]Данные!X92 -> 0 | ... Z93: =[1]Данные!Z92 -> 0 | BJ93: =IF(BJ$1=$D95,'Данные, контроль'!$AF94,0) -> 0 | BK93: =IF(BK$1=$D95,'Данные, контроль'!$AF94,0) -> 0 | BL93: =IF(BL$1=$D95,'Данные, контроль'!$AF94,0) -> 0 | BM93: =IF(BM$1=$D95,'Данные, контроль'!$AF94,0) -> 0 | BN93: =IF(BN$1=$D95,'Данные, контроль'!$AF94,0) -> 0 | BO93: =IF(BO$1=$D95,'Данные, контроль'!$AF94,0) -> 0 | BP93: =IF(BP$1=$D95,'Данные, контроль'!$AF94,0) -> 0 | BQ93: =IF(BQ$1=$D95,'Данные, контроль'!$AF94,0) -> 0 | ... EH93: =IF(EH$1=$D95,'Данные, контроль'!$AF94,0) -> 0
A94: 4848 | B94: 2018 | C94: компьютерных технологий и электронного обучения | D94: Воробьев Владимир Иванович | E94: доктор технических наук | F94: внешний | G94: 1 | H94: 17231 | I94: Производственная практика (технологическая). Информатика и вычислительная техника. Технологии разработки программного обеспечения | J94: =[1]Данные!J93 -> 0 | K94: =[1]Данные!K93 -> 0 | L94: =[1]Данные!L93 -> 0 | M94: =(J94 + K94 + L94)*0.1 -> 0 | N94: =2+(0.33*W94) -> 2 | O94: =0.25*W94 -> 0 | P94: =0.25*W94 -> 0 | Q94: =[1]Данные!Q93 -> 0 | R94: =[1]Данные!R93 -> 0 | S94: =[1]Данные!S93 -> 0 | T94: =[1]Данные!T93 -> 0 | U94: =[1]Данные!U93 -> 0 | V94: =[1]Данные!V93 -> 140 | W94: =[1]Данные!W93 -> 0 | X94: =[1]Данные!X93 -> 0 | ... Z94: =[1]Данные!Z93 -> 0 | BJ94: =IF(BJ$1=$D96,'Данные, контроль'!$AF95,0) -> 0 | BK94: =IF(BK$1=$D96,'Данные, контроль'!$AF95,0) -> 0 | BL94: =IF(BL$1=$D96,'Данные, контроль'!$AF95,0) -> 0 | BM94: =IF(BM$1=$D96,'Данные, контроль'!$AF95,0) -> 0 | BN94: =IF(BN$1=$D96,'Данные, контроль'!$AF95,0) -> 0 | BO94: =IF(BO$1=$D96,'Данные, контроль'!$AF95,0) -> 0 | BP94: =IF(BP$1=$D96,'Данные, контроль'!$AF95,0) -> 0 | BQ94: =IF(BQ$1=$D96,'Данные, контроль'!$AF95,0) -> 0 | ... EH94: =IF(EH$1=$D96,'Данные, контроль'!$AF95,0) -> 0
A95: 4848 | B95: 2018 | C95: компьютерных технологий и электронного обучения | D95: Воробьев Владимир Иванович | E95: доктор технических наук | F95: внешний | G95: 1 | H95: 17231 | I95: Руководство ВКР | J95: =[1]Данные!J94 -> 0 | K95: =[1]Данные!K94 -> 0 | L95: =[1]Данные!L94 -> 0 | M95: =(J95 + K95 + L95)*0.1 -> 0 | N95: =2+(0.33*W95) -> 2 | O95: =0.25*W95 -> 0 | P95: =0.25*W95 -> 0 | Q95: =[1]Данные!Q94 -> 0 | R95: =[1]Данные!R94 -> 0 | S95: =[1]Данные!S94 -> 0 | T95: =[1]Данные!T94 -> 0 | U95: =[1]Данные!U94 -> 2 | V95: =[1]Данные!V94 -> 0 | W95: =[1]Данные!W94 -> 0 | X95: =[1]Данные!X94 -> 0 | ... Z95: =[1]Данные!Z94 -> 0 | AA95: осн | BJ95: =IF(BJ$1=$D97,'Данные, контроль'!$AF96,0) -> 0 | BK95: =IF(BK$1=$D97,'Данные, контроль'!$AF96,0) -> 0 | BL95: =IF(BL$1=$D97,'Данные, контроль'!$AF96,0) -> 0 | BM95: =IF(BM$1=$D97,'Данные, контроль'!$AF96,0) -> 0 | BN95: =IF(BN$1=$D97,'Данные, контроль'!$AF96,0) -> 0 | BO95: =IF(BO$1=$D97,'Данные, контроль'!$AF96,0) -> 0 | BP95: =IF(BP$1=$D97,'Данные, контроль'!$AF96,0) -> 0 | BQ95: =IF(BQ$1=$D97,'Данные, контроль'!$AF96,0) -> 0 | ... EH95: =IF(EH$1=$D97,'Данные, контроль'!$AF96,0) -> 0
A96: 4848 | B96: 2018 | C96: компьютерных технологий и электронного обучения | D96: Власова Елена Зотиковна | E96: доктор педагогических наук | F96: заведующий кафедрой | G96: 1 | H96: 17231 | I96: Производственная практика (преддипломная). Информатика и вычислительная техника. Технологии разработки программного обеспечения | J96: =[1]Данные!J95 -> 0 | K96: =[1]Данные!K95 -> 0 | L96: =[1]Данные!L95 -> 0 | M96: =(J96 + K96 + L96)*0.1 -> 0 | N96: =2+(0.33*W96) -> 2 | O96: =0.25*W96 -> 0 | P96: =0.25*W96 -> 0 | Q96: =[1]Данные!Q95 -> 0 | R96: =[1]Данные!R95 -> 7 | S96: =[1]Данные!S95 -> 10 | T96: =[1]Данные!T95 -> 0 | U96: =[1]Данные!U95 -> 0 | V96: =[1]Данные!V95 -> 0 | W96: =[1]Данные!W95 -> 0 | X96: =[1]Данные!X95 -> 0 | ... Z96: =[1]Данные!Z95 -> 0 | BJ96: =IF(BJ$1=$D98,'Данные, контроль'!$AF97,0) -> 0 | BK96: =IF(BK$1=$D98,'Данные, контроль'!$AF97,0) -> 0 | BL96: =IF(BL$1=$D98,'Данные, контроль'!$AF97,0) -> 0 | BM96: =IF(BM$1=$D98,'Данные, контроль'!$AF97,0) -> 0 | BN96: =IF(BN$1=$D98,'Данные, контроль'!$AF97,0) -> 0 | BO96: =IF(BO$1=$D98,'Данные, контроль'!$AF97,0) -> 0 | BP96: =IF(BP$1=$D98,'Данные, контроль'!$AF97,0) -> 0 | BQ96: =IF(BQ$1=$D98,'Данные, контроль'!$AF97,0) -> 0 | ... EH96: =IF(EH$1=$D98,'Данные, контроль'!$AF97,0) -> 0
A97: 4848 | B97: 2018 | C97: компьютерных технологий и электронного обучения | D97: Власова Елена Зотиковна | E97: доктор педагогических наук | F97: заведующий кафедрой | G97: 1 | H97: 17231 | I97: Участие в ГЭК (защита, экзамен) | J97: =[1]Данные!J96 -> 0 | K97: =[1]Данные!K96 -> 0 | L97: =[1]Данные!L96 -> 0 | M97: =(J97 + K97 + L97)*0.1 -> 0 | N97: =2+(0.33*W97) -> 2 | O97: =0.25*W97 -> 0 | P97: =0.25*W97 -> 0 | Q97: =[1]Данные!Q96 -> 0 | R97: =[1]Данные!R96 -> 0 | S97: =[1]Данные!S96 -> 0 | T97: =[1]Данные!T96 -> 0 | U97: =[1]Данные!U96 -> 0 | V97: =[1]Данные!V96 -> 10 | W97: =[1]Данные!W96 -> 0 | X97: =[1]Данные!X96 -> 0 | ... Z97: =[1]Данные!Z96 -> 0 | AA97: доп | BJ97: =IF(BJ$1=$D99,'Данные, контроль'!$AF98,0) -> 0 | BK97: =IF(BK$1=$D99,'Данные, контроль'!$AF98,0) -> 0 | BL97: =IF(BL$1=$D99,'Данные, контроль'!$AF98,0) -> 0 | BM97: =IF(BM$1=$D99,'Данные, контроль'!$AF98,0) -> 0 | BN97: =IF(BN$1=$D99,'Данные, контроль'!$AF98,0) -> 0 | BO97: =IF(BO$1=$D99,'Данные, контроль'!$AF98,0) -> 0 | BP97: =IF(BP$1=$D99,'Данные, контроль'!$AF98,0) -> 0 | BQ97: =IF(BQ$1=$D99,'Данные, контроль'!$AF98,0) -> 0 | ... EH97: =IF(EH$1=$D99,'Данные, контроль'!$AF98,0) -> 0
A98: 4848 | B98: 2018 | C98: компьютерных технологий и электронного обучения | D98: Власова Елена Зотиковна | E98: доктор педагогических наук | F98: заведующий кафедрой | G98: 1 | H98: 17231 | I98: Руководство ВКР | J98: =[1]Данные!J97 -> 0 | K98: =[1]Данные!K97 -> 0 | L98: =[1]Данные!L97 -> 0 | M98: =(J98 + K98 + L98)*0.1 -> 0 | N98: =2+(0.33*W98) -> 2 | O98: =0.25*W98 -> 0 | P98: =0.25*W98 -> 0 | Q98: =[1]Данные!Q97 -> 0 | R98: =[1]Данные!R97 -> 5 | S98: =[1]Данные!S97 -> 8 | T98: =[1]Данные!T97 -> 0 | U98: =[1]Данные!U97 -> 0 | V98: =[1]Данные!V97 -> 0 | W98: =[1]Данные!W97 -> 0 | X98: =[1]Данные!X97 -> 0 | ... Z98: =[1]Данные!Z97 -> 0 | BJ98: =IF(BJ$1=$D100,'Данные, контроль'!$AF99,0) -> 0 | BK98: =IF(BK$1=$D100,'Данные, контроль'!$AF99,0) -> 0 | BL98: =IF(BL$1=$D100,'Данные, контроль'!$AF99,0) -> 0 | BM98: =IF(BM$1=$D100,'Данные, контроль'!$AF99,0) -> 0 | BN98: =IF(BN$1=$D100,'Данные, контроль'!$AF99,0) -> 0 | BO98: =IF(BO$1=$D100,'Данные, контроль'!$AF99,0) -> 0 | BP98: =IF(BP$1=$D100,'Данные, контроль'!$AF99,0) -> 0 | BQ98: =IF(BQ$1=$D100,'Данные, контроль'!$AF99,0) -> 0 | ... EH98: =IF(EH$1=$D100,'Данные, контроль'!$AF99,0) -> 0
A99: 4848 | B99: 2018 | C99: компьютерных технологий и электронного обучения | D99: Гончарова Светлана Викторовна | E99: кандидат педагогических наук | F99: доцент | G99: 1 | H99: 17231 | I99: Участие в ГЭК (защита, экзамен) | J99: =[1]Данные!J98 -> 0 | K99: =[1]Данные!K98 -> 0 | L99: =[1]Данные!L98 -> 0 | M99: =(J99 + K99 + L99)*0.1 -> 0 | N99: =2+(0.33*W99) -> 2 | O99: =0.25*W99 -> 0 | P99: =0.25*W99 -> 0 | Q99: =[1]Данные!Q98 -> 0 | R99: =[1]Данные!R98 -> 0 | S99: =[1]Данные!S98 -> 0 | T99: =[1]Данные!T98 -> 0 | U99: =[1]Данные!U98 -> 0 | V99: =[1]Данные!V98 -> 0 | W99: =[1]Данные!W98 -> 0 | X99: =[1]Данные!X98 -> 0 | ... Z99: =[1]Данные!Z98 -> 0 | AA99: осн | BJ99: =IF(BJ$1=$D101,'Данные, контроль'!$AF100,0) -> 0 | BK99: =IF(BK$1=$D101,'Данные, контроль'!$AF100,0) -> 0 | BL99: =IF(BL$1=$D101,'Данные, контроль'!$AF100,0) -> 0 | BM99: =IF(BM$1=$D101,'Данные, контроль'!$AF100,0) -> 0 | BN99: =IF(BN$1=$D101,'Данные, контроль'!$AF100,0) -> 0 | BO99: =IF(BO$1=$D101,'Данные, контроль'!$AF100,0) -> 0 | BP99: =IF(BP$1=$D101,'Данные, контроль'!$AF100,0) -> 0 | BQ99: =IF(BQ$1=$D101,'Данные, контроль'!$AF100,0) -> 0 | ... EH99: =IF(EH$1=$D101,'Данные, контроль'!$AF100,0) -> 0
A100: 4848 | B100: 2018 | C100: компьютерных технологий и электронного обучения | D100: Государев Илья Борисович | E100: кандидат педагогических наук | F100: доцент | G100: 1 | H100: 17231 | I100: Модуль "Информационные ресурсы и средства профессиональной деятельности инженера" | J100: =[1]Данные!J99 -> 6 | K100: =[1]Данные!K99 -> 6 | L100: =[1]Данные!L99 -> 22 | M100: =(J100 + K100 + L100)*0.1 -> 3.4 | N100: =2+(0.33*W100) -> 2 | O100: =0.25*W100 -> 0 | P100: =0.25*W100 -> 0 | Q100: =[1]Данные!Q99 -> 0 | R100: =[1]Данные!R99 -> 0 | S100: =[1]Данные!S99 -> 0 | T100: =[1]Данные!T99 -> 0 | U100: =[1]Данные!U99 -> 0 | V100: =[1]Данные!V99 -> 0 | W100: =[1]Данные!W99 -> 0 | X100: =[1]Данные!X99 -> 0 | ... Z100: =[1]Данные!Z99 -> 0 | AA100: осн | BJ100: =IF(BJ$1=$D102,'Данные, контроль'!$AF101,0) -> 0 | BK100: =IF(BK$1=$D102,'Данные, контроль'!$AF101,0) -> 0 | BL100: =IF(BL$1=$D102,'Данные, контроль'!$AF101,0) -> 0 | BM100: =IF(BM$1=$D102,'Данные, контроль'!$AF101,0) -> 0 | BN100: =IF(BN$1=$D102,'Данные, контроль'!$AF101,0) -> 0 | BO100: =IF(BO$1=$D102,'Данные, контроль'!$AF101,0) -> 0 | BP100: =IF(BP$1=$D102,'Данные, контроль'!$AF101,0) -> 0 | BQ100: =IF(BQ$1=$D102,'Данные, контроль'!$AF101,0) -> 0 | ... EH100: =IF(EH$1=$D102,'Данные, контроль'!$AF101,0) -> 0
A101: 4848 | B101: 2018 | C101: компьютерных технологий и электронного обучения | D101: Государев Илья Борисович | E101: кандидат педагогических наук | F101: доцент | G101: 1 | H101: 17231 | I101: Модуль "Информационные ресурсы и средства профессиональной деятельности инженера". Организация электронной образовательной среды | J101: =[1]Данные!J100 -> 0 | K101: =[1]Данные!K100 -> 0 | L101: =[1]Данные!L100 -> 20 | M101: =(J101 + K101 + L101)*0.1 -> 2 | N101: =2+(0.33*W101) -> 2 | O101: =0.25*W101 -> 0 | P101: =0.25*W101 -> 0 | Q101: =[1]Данные!Q100 -> 0 | R101: =[1]Данные!R100 -> 0 | S101: =[1]Данные!S100 -> 0 | T101: =[1]Данные!T100 -> 0 | U101: =[1]Данные!U100 -> 0 | V101: =[1]Данные!V100 -> 0 | W101: =[1]Данные!W100 -> 0 | X101: =[1]Данные!X100 -> 0 | ... Z101: =[1]Данные!Z100 -> 0 | AA101: осн | BJ101: =IF(BJ$1=$D103,'Данные, контроль'!$AF102,0) -> 0 | BK101: =IF(BK$1=$D103,'Данные, контроль'!$AF102,0) -> 0 | BL101: =IF(BL$1=$D103,'Данные, контроль'!$AF102,0) -> 0 | BM101: =IF(BM$1=$D103,'Данные, контроль'!$AF102,0) -> 0 | BN101: =IF(BN$1=$D103,'Данные, контроль'!$AF102,0) -> 0 | BO101: =IF(BO$1=$D103,'Данные, контроль'!$AF102,0) -> 0 | BP101: =IF(BP$1=$D103,'Данные, контроль'!$AF102,0) -> 0 | BQ101: =IF(BQ$1=$D103,'Данные, контроль'!$AF102,0) -> 0 | ... EH101: =IF(EH$1=$D103,'Данные, контроль'!$AF102,0) -> 0
A102: 4848 | B102: 2018 | C102: компьютерных технологий и электронного обучения | D102: Государев Илья Борисович | E102: кандидат педагогических наук | F102: доцент | G102: 1 | H102: 17231 | I102: Модуль "Информационные ресурсы и средства профессиональной деятельности инженера". Учебно-технологический практикум | J102: =[1]Данные!J101 -> 0 | K102: =[1]Данные!K101 -> 0 | L102: =[1]Данные!L101 -> 0 | M102: =(J102 + K102 + L102)*0.1 -> 0 | N102: =2+(0.33*W102) -> 2 | O102: =0.25*W102 -> 0 | P102: =0.25*W102 -> 0 | Q102: =[1]Данные!Q101 -> 0 | R102: =[1]Данные!R101 -> 0 | S102: =[1]Данные!S101 -> 0 | T102: =[1]Данные!T101 -> 0 | U102: =[1]Данные!U101 -> 0 | V102: =[1]Данные!V101 -> 60 | W102: =[1]Данные!W101 -> 0 | X102: =[1]Данные!X101 -> 0 | ... Z102: =[1]Данные!Z101 -> 0 | AA102: осн | BJ102: =IF(BJ$1=$D104,'Данные, контроль'!$AF103,0) -> 0 | BK102: =IF(BK$1=$D104,'Данные, контроль'!$AF103,0) -> 0 | BL102: =IF(BL$1=$D104,'Данные, контроль'!$AF103,0) -> 0 | BM102: =IF(BM$1=$D104,'Данные, контроль'!$AF103,0) -> 0 | BN102: =IF(BN$1=$D104,'Данные, контроль'!$AF103,0) -> 0 | BO102: =IF(BO$1=$D104,'Данные, контроль'!$AF103,0) -> 0 | BP102: =IF(BP$1=$D104,'Данные, контроль'!$AF103,0) -> 0 | BQ102: =IF(BQ$1=$D104,'Данные, контроль'!$AF103,0) -> 0 | ... EH102: =IF(EH$1=$D104,'Данные, контроль'!$AF103,0) -> 0
A103: 4848 | B103: 2018 | C103: компьютерных технологий и электронного обучения | D103: Государев Илья Борисович | E103: кандидат педагогических наук | F103: доцент | G103: 1 | H103: 17231 | I103: Руководство ВКР | J103: =[1]Данные!J102 -> 0 | K103: =[1]Данные!K102 -> 0 | L103: =[1]Данные!L102 -> 0 | M103: =(J103 + K103 + L103)*0.1 -> 0 | N103: =2+(0.33*W103) -> 2 | O103: =0.25*W103 -> 0 | P103: =0.25*W103 -> 0 | Q103: =[1]Данные!Q102 -> 0 | R103: =[1]Данные!R102 -> 0 | S103: =[1]Данные!S102 -> 0 | T103: =[1]Данные!T102 -> 0 | U103: =[1]Данные!U102 -> 4 | V103: =[1]Данные!V102 -> 0 | W103: =[1]Данные!W102 -> 0 | X103: =[1]Данные!X102 -> 0 | ... Z103: =[1]Данные!Z102 -> 0 | AA103: осн | BJ103: =IF(BJ$1=$D105,'Данные, контроль'!$AF104,0) -> 0 | BK103: =IF(BK$1=$D105,'Данные, контроль'!$AF104,0) -> 0 | BL103: =IF(BL$1=$D105,'Данные, контроль'!$AF104,0) -> 0 | BM103: =IF(BM$1=$D105,'Данные, контроль'!$AF104,0) -> 0 | BN103: =IF(BN$1=$D105,'Данные, контроль'!$AF104,0) -> 0 | BO103: =IF(BO$1=$D105,'Данные, контроль'!$AF104,0) -> 0 | BP103: =IF(BP$1=$D105,'Данные, контроль'!$AF104,0) -> 0 | BQ103: =IF(BQ$1=$D105,'Данные, контроль'!$AF104,0) -> 0 | ... EH103: =IF(EH$1=$D105,'Данные, контроль'!$AF104,0) -> 0
A104: 4848 | B104: 2018 | C104: компьютерных технологий и электронного обучения | D104: Государев Илья Борисович | E104: кандидат педагогических наук | F104: доцент | G104: 1 | H104: 17231 | I104: Производственная практика (преддипломная). Информатика и вычислительная техника. Технологии разработки программного обеспечения | J104: =[1]Данные!J103 -> 0 | K104: =[1]Данные!K103 -> 0 | L104: =[1]Данные!L103 -> 0 | M104: =(J104 + K104 + L104)*0.1 -> 0 | N104: =2+(0.33*W104) -> 2 | O104: =0.25*W104 -> 0 | P104: =0.25*W104 -> 0 | Q104: =[1]Данные!Q103 -> 0 | R104: =[1]Данные!R103 -> 0 | S104: =[1]Данные!S103 -> 0 | T104: =[1]Данные!T103 -> 0 | U104: =[1]Данные!U103 -> 6 | V104: =[1]Данные!V103 -> 0 | W104: =[1]Данные!W103 -> 0 | X104: =[1]Данные!X103 -> 0 | ... Z104: =[1]Данные!Z103 -> 0 | AA104: осн | BJ104: =IF(BJ$1=$D106,'Данные, контроль'!$AF105,0) -> 0 | BK104: =IF(BK$1=$D106,'Данные, контроль'!$AF105,0) -> 0 | BL104: =IF(BL$1=$D106,'Данные, контроль'!$AF105,0) -> 0 | BM104: =IF(BM$1=$D106,'Данные, контроль'!$AF105,0) -> 0 | BN104: =IF(BN$1=$D106,'Данные, контроль'!$AF105,0) -> 0 | BO104: =IF(BO$1=$D106,'Данные, контроль'!$AF105,0) -> 0 | BP104: =IF(BP$1=$D106,'Данные, контроль'!$AF105,0) -> 0 | BQ104: =IF(BQ$1=$D106,'Данные, контроль'!$AF105,0) -> 0 | ... EH104: =IF(EH$1=$D106,'Данные, контроль'!$AF105,0) -> 0
A105: 4848 | B105: 2018 | C105: компьютерных технологий и электронного обучения | D105: Государев Илья Борисович | E105: кандидат педагогических наук | F105: доцент | G105: 1 | H105: 17231 | I105: Производственная практика (технологическая). Информатика и вычислительная техника. Технологии разработки программного обеспечения | J105: =[1]Данные!J104 -> 0 | K105: =[1]Данные!K104 -> 4 | L105: =[1]Данные!L104 -> 0 | M105: =(J105 + K105 + L105)*0.1 -> 0.4 | N105: =2+(0.33*W105) -> 2 | O105: =0.25*W105 -> 0 | P105: =0.25*W105 -> 0 | Q105: =[1]Данные!Q104 -> 0 | R105: =[1]Данные!R104 -> 0 | S105: =[1]Данные!S104 -> 0 | T105: =[1]Данные!T104 -> 0 | U105: =[1]Данные!U104 -> 0 | V105: =[1]Данные!V104 -> 0 | W105: =[1]Данные!W104 -> 0 | X105: =[1]Данные!X104 -> 0 | ... Z105: =[1]Данные!Z104 -> 0 | AA105: осн | BJ105: =IF(BJ$1=$D107,'Данные, контроль'!$AF106,0) -> 0 | BK105: =IF(BK$1=$D107,'Данные, контроль'!$AF106,0) -> 0 | BL105: =IF(BL$1=$D107,'Данные, контроль'!$AF106,0) -> 0 | BM105: =IF(BM$1=$D107,'Данные, контроль'!$AF106,0) -> 0 | BN105: =IF(BN$1=$D107,'Данные, контроль'!$AF106,0) -> 0 | BO105: =IF(BO$1=$D107,'Данные, контроль'!$AF106,0) -> 0 | BP105: =IF(BP$1=$D107,'Данные, контроль'!$AF106,0) -> 0 | BQ105: =IF(BQ$1=$D107,'Данные, контроль'!$AF106,0) -> 0 | ... EH105: =IF(EH$1=$D107,'Данные, контроль'!$AF106,0) -> 0
A106: 4848 | B106: 2018 | C106: компьютерных технологий и электронного обучения | D106: Жуков Николай Николаевич | E106: нет | F106: ассистент | G106: 1 | H106: 17231 | I106: Модуль "Информационные ресурсы и средства профессиональной деятельности инженера". Дисциплины и курсы по выбору. Программная инженерия | J106: =[1]Данные!J105 -> 0 | K106: =[1]Данные!K105 -> 0 | L106: =[1]Данные!L105 -> 0 | M106: =(J106 + K106 + L106)*0.1 -> 0 | N106: =2+(0.33*W106) -> 2 | O106: =0.25*W106 -> 0 | P106: =0.25*W106 -> 0 | Q106: =[1]Данные!Q105 -> 0 | R106: =[1]Данные!R105 -> 0 | S106: =[1]Данные!S105 -> 0 | T106: =[1]Данные!T105 -> 0 | U106: =[1]Данные!U105 -> 0 | V106: =[1]Данные!V105 -> 30 | W106: =[1]Данные!W105 -> 0 | X106: =[1]Данные!X105 -> 0 | ... Z106: =[1]Данные!Z105 -> 0 | AA106: доп | BJ106: =IF(BJ$1=$D108,'Данные, контроль'!$AF107,0) -> 0 | BK106: =IF(BK$1=$D108,'Данные, контроль'!$AF107,0) -> 0 | BL106: =IF(BL$1=$D108,'Данные, контроль'!$AF107,0) -> 0 | BM106: =IF(BM$1=$D108,'Данные, контроль'!$AF107,0) -> 0 | BN106: =IF(BN$1=$D108,'Данные, контроль'!$AF107,0) -> 0 | BO106: =IF(BO$1=$D108,'Данные, контроль'!$AF107,0) -> 0 | BP106: =IF(BP$1=$D108,'Данные, контроль'!$AF107,0) -> 0 | BQ106: =IF(BQ$1=$D108,'Данные, контроль'!$AF107,0) -> 0 | ... EH106: =IF(EH$1=$D108,'Данные, контроль'!$AF107,0) -> 0
A107: 4848 | B107: 2018 | C107: компьютерных технологий и электронного обучения | D107: Жуков Николай Николаевич | E107: нет | F107: ассистент | G107: 1 | H107: 17231 | I107: Руководство ВКР | J107: =[1]Данные!J106 -> 0 | K107: =[1]Данные!K106 -> 0 | L107: =[1]Данные!L106 -> 0 | M107: =(J107 + K107 + L107)*0.1 -> 0 | N107: =2+(0.33*W107) -> 2 | O107: =0.25*W107 -> 0 | P107: =0.25*W107 -> 0 | Q107: =[1]Данные!Q106 -> 0 | R107: =[1]Данные!R106 -> 0 | S107: =[1]Данные!S106 -> 0 | T107: =[1]Данные!T106 -> 0 | U107: =[1]Данные!U106 -> 4 | V107: =[1]Данные!V106 -> 0 | W107: =[1]Данные!W106 -> 0 | X107: =[1]Данные!X106 -> 0 | ... Z107: =[1]Данные!Z106 -> 0 | AA107: осн | BJ107: =IF(BJ$1=$D109,'Данные, контроль'!$AF108,0) -> 0 | BK107: =IF(BK$1=$D109,'Данные, контроль'!$AF108,0) -> 0 | BL107: =IF(BL$1=$D109,'Данные, контроль'!$AF108,0) -> 0 | BM107: =IF(BM$1=$D109,'Данные, контроль'!$AF108,0) -> 0 | BN107: =IF(BN$1=$D109,'Данные, контроль'!$AF108,0) -> 0 | BO107: =IF(BO$1=$D109,'Данные, контроль'!$AF108,0) -> 0 | BP107: =IF(BP$1=$D109,'Данные, контроль'!$AF108,0) -> 0 | BQ107: =IF(BQ$1=$D109,'Данные, контроль'!$AF108,0) -> 0 | ... EH107: =IF(EH$1=$D109,'Данные, контроль'!$AF108,0) -> 0
A108: 4848 | B108: 2018 | C108: компьютерных технологий и электронного обучения | D108: Жуков Николай Николаевич | E108: нет | F108: ассистент | G108: 1 | H108: 17231 | I108: Производственная практика (преддипломная). Информатика и вычислительная техника. Технологии разработки программного обеспечения | J108: =[1]Данные!J107 -> 0 | K108: =[1]Данные!K107 -> 0 | L108: =[1]Данные!L107 -> 0 | M108: =(J108 + K108 + L108)*0.1 -> 0 | N108: =2+(0.33*W108) -> 2 | O108: =0.25*W108 -> 0 | P108: =0.25*W108 -> 0 | Q108: =[1]Данные!Q107 -> 0 | R108: =[1]Данные!R107 -> 0 | S108: =[1]Данные!S107 -> 0 | T108: =[1]Данные!T107 -> 0 | U108: =[1]Данные!U107 -> 2 | V108: =[1]Данные!V107 -> 0 | W108: =[1]Данные!W107 -> 0 | X108: =[1]Данные!X107 -> 0 | ... Z108: =[1]Данные!Z107 -> 0 | AA108: осн | BJ108: =IF(BJ$1=$D110,'Данные, контроль'!$AF109,0) -> 0 | BK108: =IF(BK$1=$D110,'Данные, контроль'!$AF109,0) -> 0 | BL108: =IF(BL$1=$D110,'Данные, контроль'!$AF109,0) -> 0 | BM108: =IF(BM$1=$D110,'Данные, контроль'!$AF109,0) -> 0 | BN108: =IF(BN$1=$D110,'Данные, контроль'!$AF109,0) -> 0 | BO108: =IF(BO$1=$D110,'Данные, контроль'!$AF109,0) -> 0 | BP108: =IF(BP$1=$D110,'Данные, контроль'!$AF109,0) -> 0 | BQ108: =IF(BQ$1=$D110,'Данные, контроль'!$AF109,0) -> 0 | ... EH108: =IF(EH$1=$D110,'Данные, контроль'!$AF109,0) -> 0
A109: 4848 | B109: 2018 | C109: компьютерных технологий и электронного обучения | D109: Жуков Николай Николаевич | E109: нет | F109: ассистент | G109: 1 | H109: 17231 | I109: Производственная практика (технологическая). Информатика и вычислительная техника. Технологии разработки программного обеспечения | J109: =[1]Данные!J108 -> 0 | K109: =[1]Данные!K108 -> 0 | L109: =[1]Данные!L108 -> 18 | M109: =(J109 + K109 + L109)*0.1 -> 1.8 | N109: =2+(0.33*W109) -> 2 | O109: =0.25*W109 -> 0 | P109: =0.25*W109 -> 0 | Q109: =[1]Данные!Q108 -> 0 | R109: =[1]Данные!R108 -> 0 | S109: =[1]Данные!S108 -> 0 | T109: =[1]Данные!T108 -> 0 | U109: =[1]Данные!U108 -> 0 | V109: =[1]Данные!V108 -> 0 | W109: =[1]Данные!W108 -> 0 | X109: =[1]Данные!X108 -> 0 | ... Z109: =[1]Данные!Z108 -> 0 | AA109: доп | BJ109: =IF(BJ$1=$D111,'Данные, контроль'!$AF110,0) -> 0 | BK109: =IF(BK$1=$D111,'Данные, контроль'!$AF110,0) -> 0 | BL109: =IF(BL$1=$D111,'Данные, контроль'!$AF110,0) -> 0 | BM109: =IF(BM$1=$D111,'Данные, контроль'!$AF110,0) -> 0 | BN109: =IF(BN$1=$D111,'Данные, контроль'!$AF110,0) -> 0 | BO109: =IF(BO$1=$D111,'Данные, контроль'!$AF110,0) -> 0 | BP109: =IF(BP$1=$D111,'Данные, контроль'!$AF110,0) -> 0 | BQ109: =IF(BQ$1=$D111,'Данные, контроль'!$AF110,0) -> 0 | ... EH109: =IF(EH$1=$D111,'Данные, контроль'!$AF110,0) -> 0
A110: 4848 | B110: 2018 | C110: компьютерных технологий и электронного обучения | D110: Иванова Екатерина Алексеевна | E110: нет | F110: ассистент | G110: 0.25 | H110: 17231 | I110: Модуль "Информационные ресурсы и средства профессиональной деятельности инженера". Инфографика | J110: =[1]Данные!J109 -> 0 | K110: =[1]Данные!K109 -> 0 | L110: =[1]Данные!L109 -> 14 | M110: =(J110 + K110 + L110)*0.1 -> 1.4 | N110: =2+(0.33*W110) -> 2 | O110: =0.25*W110 -> 0 | P110: =0.25*W110 -> 0 | Q110: =[1]Данные!Q109 -> 0 | R110: =[1]Данные!R109 -> 0 | S110: =[1]Данные!S109 -> 0 | T110: =[1]Данные!T109 -> 0 | U110: =[1]Данные!U109 -> 0 | V110: =[1]Данные!V109 -> 0 | W110: =[1]Данные!W109 -> 0 | X110: =[1]Данные!X109 -> 0 | ... Z110: =[1]Данные!Z109 -> 0 | BJ110: =IF(BJ$1=$D112,'Данные, контроль'!$AF111,0) -> 0 | BK110: =IF(BK$1=$D112,'Данные, контроль'!$AF111,0) -> 0 | BL110: =IF(BL$1=$D112,'Данные, контроль'!$AF111,0) -> 0 | BM110: =IF(BM$1=$D112,'Данные, контроль'!$AF111,0) -> 0 | BN110: =IF(BN$1=$D112,'Данные, контроль'!$AF111,0) -> 0 | BO110: =IF(BO$1=$D112,'Данные, контроль'!$AF111,0) -> 0 | BP110: =IF(BP$1=$D112,'Данные, контроль'!$AF111,0) -> 0 | BQ110: =IF(BQ$1=$D112,'Данные, контроль'!$AF111,0) -> 0 | ... EH110: =IF(EH$1=$D112,'Данные, контроль'!$AF111,0) -> 0
A111: 4848 | B111: 2018 | C111: компьютерных технологий и электронного обучения | D111: Серегин Александр Николаевич | E111: кандидат технических наук | F111: внешний | G111: 1 | H111: 17231 | I111: Модуль "Информационные ресурсы и средства профессиональной деятельности инженера". Учебно-технологический практикум | J111: =[1]Данные!J110 -> 0 | K111: =[1]Данные!K110 -> 20 | L111: =[1]Данные!L110 -> 0 | M111: =(J111 + K111 + L111)*0.1 -> 2 | N111: =2+(0.33*W111) -> 2 | O111: =0.25*W111 -> 0 | P111: =0.25*W111 -> 0 | Q111: =[1]Данные!Q110 -> 0 | R111: =[1]Данные!R110 -> 0 | S111: =[1]Данные!S110 -> 0 | T111: =[1]Данные!T110 -> 0 | U111: =[1]Данные!U110 -> 0 | V111: =[1]Данные!V110 -> 0 | W111: =[1]Данные!W110 -> 0 | X111: =[1]Данные!X110 -> 0 | ... Z111: =[1]Данные!Z110 -> 0 | BJ111: =IF(BJ$1=$D113,'Данные, контроль'!$AF112,0) -> 0 | BK111: =IF(BK$1=$D113,'Данные, контроль'!$AF112,0) -> 0 | BL111: =IF(BL$1=$D113,'Данные, контроль'!$AF112,0) -> 0 | BM111: =IF(BM$1=$D113,'Данные, контроль'!$AF112,0) -> 0 | BN111: =IF(BN$1=$D113,'Данные, контроль'!$AF112,0) -> 0 | BO111: =IF(BO$1=$D113,'Данные, контроль'!$AF112,0) -> 0 | BP111: =IF(BP$1=$D113,'Данные, контроль'!$AF112,0) -> 0 | BQ111: =IF(BQ$1=$D113,'Данные, контроль'!$AF112,0) -> 0 | ... EH111: =IF(EH$1=$D113,'Данные, контроль'!$AF112,0) -> 0
A112: 4848 | B112: 2018 | C112: компьютерных технологий и электронного обучения | D112: Серегин Александр Николаевич | E112: кандидат технических наук | F112: внешний | G112: 1 | H112: 17231 | I112: Модуль "Информационные ресурсы и средства профессиональной деятельности инженера". Дисциплины и курсы по выбору. Программная инженерия | J112: =[1]Данные!J111 -> 8 | K112: =[1]Данные!K111 -> 12 | L112: =[1]Данные!L111 -> 0 | M112: =(J112 + K112 + L112)*0.1 -> 2 | N112: =2+(0.33*W112) -> 2 | O112: =0.25*W112 -> 0 | P112: =0.25*W112 -> 0 | Q112: =[1]Данные!Q111 -> 0 | R112: =[1]Данные!R111 -> 0 | S112: =[1]Данные!S111 -> 0 | T112: =[1]Данные!T111 -> 0 | U112: =[1]Данные!U111 -> 0 | V112: =[1]Данные!V111 -> 0 | W112: =[1]Данные!W111 -> 0 | X112: =[1]Данные!X111 -> 0 | ... Z112: =[1]Данные!Z111 -> 0 | BJ112: =IF(BJ$1=$D114,'Данные, контроль'!$AF113,0) -> 0 | BK112: =IF(BK$1=$D114,'Данные, контроль'!$AF113,0) -> 0 | BL112: =IF(BL$1=$D114,'Данные, контроль'!$AF113,0) -> 0 | BM112: =IF(BM$1=$D114,'Данные, контроль'!$AF113,0) -> 0 | BN112: =IF(BN$1=$D114,'Данные, контроль'!$AF113,0) -> 0 | BO112: =IF(BO$1=$D114,'Данные, контроль'!$AF113,0) -> 0 | BP112: =IF(BP$1=$D114,'Данные, контроль'!$AF113,0) -> 0 | BQ112: =IF(BQ$1=$D114,'Данные, контроль'!$AF113,0) -> 0 | ... EH112: =IF(EH$1=$D114,'Данные, контроль'!$AF113,0) -> 0
A113: 4848 | B113: 2018 | C113: компьютерных технологий и электронного обучения | D113: Серегин Александр Николаевич | E113: кандидат технических наук | F113: внешний | G113: 1 | H113: 17231 | I113: Модуль "Информационные ресурсы и средства профессиональной деятельности инженера". Социальные и профессиональные вопросы информатики и ИТ | J113: =[1]Данные!J112 -> 0 | K113: =[1]Данные!K112 -> 0 | L113: =[1]Данные!L112 -> 0 | M113: =(J113 + K113 + L113)*0.1 -> 0 | N113: =2+(0.33*W113) -> 2 | O113: =0.25*W113 -> 0 | P113: =0.25*W113 -> 0 | Q113: =[1]Данные!Q112 -> 0 | R113: =[1]Данные!R112 -> 0 | S113: =[1]Данные!S112 -> 0 | T113: =[1]Данные!T112 -> 0 | U113: =[1]Данные!U112 -> 2 | V113: =[1]Данные!V112 -> 0 | W113: =[1]Данные!W112 -> 0 | X113: =[1]Данные!X112 -> 0 | ... Z113: =[1]Данные!Z112 -> 0 | BJ113: =IF(BJ$1=$D115,'Данные, контроль'!$AF114,0) -> 0 | BK113: =IF(BK$1=$D115,'Данные, контроль'!$AF114,0) -> 0 | BL113: =IF(BL$1=$D115,'Данные, контроль'!$AF114,0) -> 0 | BM113: =IF(BM$1=$D115,'Данные, контроль'!$AF114,0) -> 0 | BN113: =IF(BN$1=$D115,'Данные, контроль'!$AF114,0) -> 0 | BO113: =IF(BO$1=$D115,'Данные, контроль'!$AF114,0) -> 0 | BP113: =IF(BP$1=$D115,'Данные, контроль'!$AF114,0) -> 0 | BQ113: =IF(BQ$1=$D115,'Данные, контроль'!$AF114,0) -> 0 | ... EH113: =IF(EH$1=$D115,'Данные, контроль'!$AF114,0) -> 0
...

Sheet Данные, контроль
J1: Лекции | K1: Практ. | L1: Лаб.р. | M1: конс. | N1: экз | O1: диф.зач | P1: зач | Q1: курсов.р | R1: ГЭК (защита) | S1: ГЭК (экзамен) | T1: Контроль | U1: Практики | V1: Рук-во | AI1: учебный год | AJ1: 2015/2016 | AN1: 2016/2017 | AR1: 2017/2018 | AV1: 2018/2019 | AZ1: 2019/2020 | BD1: 2020/2021 | BH1: 2021/2022 | BM1: Стандарт часов по должностям
A2: Код УП | B2: Год нагрузки | C2: Кафедра | D2: ФИО | E2: Степень | F2: Должность | G2: Ставка | H2: Код РУП | I2: Дисциплина / практика / ВКР / ГИА | J2: Часы | W2: Студ. | X2: Количество групп | Y2: Количество подгрупп | Z2: Специальность | AA2: Вид нагрузки | AB2: Стандарт часов в год | AC2: Бакалавры ИВТ / магистры КЭО | AD2: Учебный год | AE2: Сумма часов | AF2: Объём учебной нагрузки | AG2: Сумма долей работодателей | AH2: Процент работодателей от общей суммы часов | AI2: курс | AJ2: 1 | AK2: 2 | AL2: 3 | AM2: 4 | AN2: 1 | AO2: 2 | AP2: 3 | AQ2: 4 | AR2: 1 | AS2: 2 | AT2: 3 | AU2: 4 | AV2: 1 | AW2: 2 | AX2: 3 | AY2: 4 | AZ2: 1 | BA2: 2 | BB2: 3 | BC2: 4 | BD2: 1 | BE2: 2 | BF2: 3 | BG2: 4 | BH2: 1 | BI2: 2 | BJ2: 3 | BK2: 4 | BM2: Должность | BN2: Часы
AF3: =SUM('Обновлённые данные'!BJ2:EF2) -> 43.713838
A4: =[1]Данные!A3 -> 3250 | B4: =[1]Данные!B3 -> 2015 | C4: =[1]Данные!C3 -> компьютерных технологий и электронного обучения | D4: =[1]Данные!D3 -> Гончарова Светлана Викторовна | E4: =[1]Данные!E3 -> кандидат педагогических наук | F4: =[1]Данные!F3 -> доцент | G4: =[1]Данные!G3 -> 1 | H4: =[1]Данные!H3 -> 13809 | ... L4: =[1]Данные!L3 -> 102 | M4: =(J4 + K4 + L4)*0.1 -> 13.6 | N4: =2+(0.33*W4) -> 12.23 | O4: =0.25*W4 -> 7.75 | P4: =0.25*W4 -> 7.75 | Q4: =[1]Данные!Q3 -> 0 | R4: =[1]Данные!R3 -> 0 | S4: =[1]Данные!S3 -> 0 | T4: =[1]Данные!T3 -> 12 | U4: =[1]Данные!U3 -> 0 | V4: =[1]Данные!V3 -> 0 | W4: =[1]Данные!W3 -> 31 | X4: =[1]Данные!X3 -> 2 | ... AA4: =[1]Данные!AA3 -> осн | AB4: =SUMIFS($BN$4:$BN$11,$BM$4:$BM$11,F4) -> 800 | AC4: =IF(ISNUMBER(MATCH(H4,$AJ$5:$BK$5,0)),"ИВТ (бак)",IF(ISNUMBER(MATCH(H4,$AJ$6:$BK$6,0)),"КЭО (маг)","")) -> ИВТ (бак) | AD4: =IFERROR(INDEX(AJ1:BK1, MATCH(H4, AJ5:BK6, 0)), "Не найдено") -> Не найдено | AE4: =SUM(J4:V4) -> 189.33 | AF4: =AE4/AB4 -> 0.2366625 | AI4: год поступления | AJ4: 2015 | AK4: 2014 | AL4: 2013 | AM4: 2012 | AN4: 2016 | AO4: 2015 | AP4: 2014 | AQ4: 2013 | AR4: 2017 | AS4: 2016 | AT4: 2015 | AU4: 2014 | AV4: 2018 | AW4: 2017 | AX4: 2016 | AY4: 2015 | AZ4: 2019 | BA4: 2018 | BB4: 2017 | BC4: 2016 | BD4: 2020 | BE4: 2019 | BF4: 2018 | BG4: 2017 | BH4: 2021 | BI4: 2020 | BJ4: 2019 | BK4: 2018 | BM4: =[1]Данные!BG3 -> заведующий кафедрой | BN4: =[1]Данные!BH3 -> 700
A5: =[1]Данные!A4 -> 4276 | B5: =[1]Данные!B4 -> 2015 | C5: =[1]Данные!C4 -> компьютерных технологий и электронного обучения | D5: =[1]Данные!D4 -> Абрамян Геннадий Владимирович | E5: =[1]Данные!E4 -> доктор педагогических наук | F5: =[1]Данные!F4 -> профессор | G5: =[1]Данные!G4 -> 1 | H5: 13809 | I5: =[1]Данные!I4 -> Информационное обеспечение технологического образования. Применение Интернет-технологий в технологическом образовании | J5: =[1]Данные!J4 -> 18 | K5: =[1]Данные!K4 -> 0 | L5: =[1]Данные!L4 -> 54 | M5: =(J5 + K5 + L5)*0.1 -> 7.2 | N5: =2+(0.33*W5) -> 2 | O5: =0.25*W5 -> 0 | P5: =0.25*W5 -> 0 | Q5: =[1]Данные!Q4 -> 0 | R5: =[1]Данные!R4 -> 0 | S5: =[1]Данные!S4 -> 0 | T5: =[1]Данные!T4 -> 21 | U5: =[1]Данные!U4 -> 0 | V5: =[1]Данные!V4 -> 0 | W5: =[1]Данные!W4 -> 0 | X5: =[1]Данные!X4 -> 0 | ... AA5: =[1]Данные!AA4 -> осн | AB5: =SUMIFS($BN$4:$BN$11,$BM$4:$BM$11,F5) -> 750 | AC5: =IF(ISNUMBER(MATCH(H5,$AJ$5:$BK$5,0)),"ИВТ (бак)",IF(ISNUMBER(MATCH(H5,$AJ$6:$BK$6,0)),"КЭО (маг)","")) -> ИВТ (бак) | AD5: =IFERROR(INDEX(AJ2:BK2, MATCH(H5, AJ6:BK7, 0), 1), "Не найдено") -> Не найдено | AE5: =SUM(J5:V5) -> 102.2 | AF5: =AE5/AB5 -> 0.13626667 | AI5: Бакалавры (ИВТ) | AJ5: =[1]Данные!AD4 -> 14014 | AK5: =[1]Данные!AE4 -> 52346 | AL5: =[1]Данные!AF4 -> 8775 | AM5: =[1]Данные!AG4 -> 37233 | AN5: 13809 | AO5: =[1]Данные!AI4 -> 13809 | AP5: =[1]Данные!AJ4 -> 25386 | AQ5: =[1]Данные!AK4 -> 27453 | AR5: =[1]Данные!AL4 -> 16591 | AS5: =[1]Данные!AM4 -> 16002 | AT5: =[1]Данные!AN4 -> 16003 | AU5: =[1]Данные!AO4 -> 16457 | AV5: =[1]Данные!AP4 -> 17043 | ... BK5: =[1]Данные!BE4 -> 4 курс 2018 год/пост | BM5: =[1]Данные!BG4 -> профессор | BN5: =[1]Данные!BH4 -> 750
A6: =[1]Данные!A5 -> 4276 | B6: =[1]Данные!B5 -> 2015 | C6: =[1]Данные!C5 -> компьютерных технологий и электронного обучения | D6: =[1]Данные!D5 -> Авксентьева Елена Юрьевна | E6: =[1]Данные!E5 -> кандидат педагогических наук | F6: =[1]Данные!F5 -> доцент | G6: =[1]Данные!G5 -> 1 | H6: =[1]Данные!H5 -> 13818 | ... L6: =[1]Данные!L5 -> 0 | M6: =(J6 + K6 + L6)*0.1 -> 0 | N6: =2+(0.33*W6) -> 6.29 | O6: =0.25*W6 -> 3.25 | P6: =0.25*W6 -> 3.25 | Q6: =[1]Данные!Q5 -> 0 | R6: =[1]Данные!R5 -> 0 | S6: =[1]Данные!S5 -> 0 | T6: =[1]Данные!T5 -> 15 | U6: =[1]Данные!U5 -> 0 | V6: =[1]Данные!V5 -> 0 | W6: =[1]Данные!W5 -> 13 | X6: =[1]Данные!X5 -> 2 | ... AA6: =[1]Данные!AA5 -> осн | AB6: =SUMIFS($BN$4:$BN$11,$BM$4:$BM$11,F6) -> 800 | AC6: =IF(ISNUMBER(MATCH(H6,$AJ$5:$BK$5,0)),"ИВТ (бак)",IF(ISNUMBER(MATCH(H6,$AJ$6:$BK$6,0)),"КЭО (маг)","")) | AD6: =IFERROR(INDEX(AJ4:BK4, MATCH(H6, AJ7:BK8, 0), 1), "Не найдено") -> Не найдено | AE6: =SUM(J6:V6) -> 27.79 | AF6: =AE6/AB6 -> 0.0347375 | AI6: Магистры (КЭО) | AJ6: =[1]Данные!AD5 -> 86354 | AK6: =[1]Данные!AE5 -> 80249 | AL6: =[1]Данные!AF5 -> 1 | AM6: =[1]Данные!AG5 -> 1 | AN6: =[1]Данные!AH5 -> 19404 | AO6: =[1]Данные!AI5 -> 19403 | AP6: =[1]Данные!AJ5 -> 1 | AQ6: =[1]Данные!AK5 -> 1 | ... BK6: =[1]Данные!BE5 -> 0 | BM6: =[1]Данные!BG5 -> доцент | BN6: =[1]Данные!BH5 -> 800
A7: =[1]Данные!A6 -> 4276 | B7: =[1]Данные!B6 -> 2015 | C7: =[1]Данные!C6 -> компьютерных технологий и электронного обучения | D7: =[1]Данные!D6 -> Гончарова Светлана Викторовна | E7: =[1]Данные!E6 -> кандидат педагогических наук | F7: =[1]Данные!F6 -> доцент | G7: =[1]Данные!G6 -> 1 | H7: =[1]Данные!H6 -> 13818 | ... L7: =[1]Данные!L6 -> 0 | M7: =(J7 + K7 + L7)*0.1 -> 4.1 | N7: =2+(0.33*W7) -> 6.29 | O7: =0.25*W7 -> 3.25 | P7: =0.25*W7 -> 3.25 | Q7: =[1]Данные!Q6 -> 0 | R7: =[1]Данные!R6 -> 0 | S7: =[1]Данные!S6 -> 0 | T7: =[1]Данные!T6 -> 3 | U7: =[1]Данные!U6 -> 0 | V7: =[1]Данные!V6 -> 0 | W7: =[1]Данные!W6 -> 13 | X7: =[1]Данные!X6 -> 2 | ... AA7: =[1]Данные!AA6 -> осн | AB7: =SUMIFS($BN$4:$BN$11,$BM$4:$BM$11,F7) -> 800 | AC7: =IF(ISNUMBER(MATCH(H7,$AJ$5:$BK$5,0)),"ИВТ (бак)",IF(ISNUMBER(MATCH(H7,$AJ$6:$BK$6,0)),"КЭО (маг)","")) | AD7: =IFERROR(INDEX(AJ5:BK5, MATCH(H7, AJ8:BK9, 0), 1), "Не найдено") -> Не найдено | AE7: =SUM(J7:V7) -> 60.89 | AF7: =AE7/AB7 -> 0.0761125 | BM7: =[1]Данные!BG6 -> старший преподаватель | BN7: =[1]Данные!BH6 -> 850
A8: =[1]Данные!A7 -> 4276 | B8: =[1]Данные!B7 -> 2015 | C8: =[1]Данные!C7 -> компьютерных технологий и электронного обучения | D8: =[1]Данные!D7 -> Ильина Татьяна Сергеевна | E8: =[1]Данные!E7 -> нет | F8: =[1]Данные!F7 -> старший преподаватель | G8: =[1]Данные!G7 -> 1 | H8: =[1]Данные!H7 -> 13818 | ... L8: =[1]Данные!L7 -> 0 | M8: =(J8 + K8 + L8)*0.1 -> 6.4 | N8: =2+(0.33*W8) -> 2 | O8: =0.25*W8 -> 0 | P8: =0.25*W8 -> 0 | Q8: =[1]Данные!Q7 -> 0 | R8: =[1]Данные!R7 -> 0 | S8: =[1]Данные!S7 -> 0 | T8: =[1]Данные!T7 -> 3 | U8: =[1]Данные!U7 -> 0 | V8: =[1]Данные!V7 -> 0 | W8: =[1]Данные!W7 -> 0 | X8: =[1]Данные!X7 -> 0 | ... AA8: =[1]Данные!AA7 -> осн | AB8: =SUMIFS($BN$4:$BN$11,$BM$4:$BM$11,F8) -> 850 | AC8: =IF(ISNUMBER(MATCH(H8,$AJ$5:$BK$5,0)),"ИВТ (бак)",IF(ISNUMBER(MATCH(H8,$AJ$6:$BK$6,0)),"КЭО (маг)","")) | AD8: =IFERROR(INDEX(AJ6:BK6, MATCH(H8, AJ9:BK10, 0), 1), "Не найдено") -> Не найдено | AE8: =SUM(J8:V8) -> 75.4 | AF8: =AE8/AB8 -> 0.088705882 | BM8: =[1]Данные!BG7 -> ассистент | BN8: =[1]Данные!BH7 -> 900
A9: =[1]Данные!A8 -> 4276 | B9: =[1]Данные!B8 -> 2016 | C9: =[1]Данные!C8 -> компьютерных технологий и электронного обучения | D9: =[1]Данные!D8 -> Готская Ирина Борисовна | E9: =[1]Данные!E8 -> доктор педагогических наук | F9: =[1]Данные!F8 -> профессор | G9: =[1]Данные!G8 -> 1 | H9: =[1]Данные!H8 -> 14784 | ... L9: =[1]Данные!L8 -> 120 | M9: =(J9 + K9 + L9)*0.1 -> 15.2 | N9: =2+(0.33*W9) -> 2 | O9: =0.25*W9 -> 0 | P9: =0.25*W9 -> 0 | Q9: =[1]Данные!Q8 -> 0 | R9: =[1]Данные!R8 -> 0 | S9: =[1]Данные!S8 -> 0 | T9: =[1]Данные!T8 -> 21 | U9: =[1]Данные!U8 -> 0 | V9: =[1]Данные!V8 -> 0 | W9: =[1]Данные!W8 -> 0 | X9: =[1]Данные!X8 -> 0 | ... AA9: =[1]Данные!AA8 -> осн | AB9: =SUMIFS($BN$4:$BN$11,$BM$4:$BM$11,F9) -> 750 | AC9: =IF(ISNUMBER(MATCH(H9,$AJ$5:$BK$5,0)),"ИВТ (бак)",IF(ISNUMBER(MATCH(H9,$AJ$6:$BK$6,0)),"КЭО (маг)","")) | AD9: =IFERROR(INDEX(AJ7:BK7, MATCH(H9, AJ10:BK11, 0), 1), "Не найдено") -> Не найдено | AE9: =SUM(J9:V9) -> 190.2 | AF9: =AE9/AB9 -> 0.2536 | AI9: учебный год | AJ9: 2015/2016 | AN9: 2016/2017 | AR9: 2017/2018 | AV9: 2018/2019 | AZ9: 2019/2020 | BD9: 2020/2021 | BH9: 2021/2022 | BM9: =[1]Данные!BG8 -> эксперт-программист | BN9: =[1]Данные!BH8 -> 900
A10: =[1]Данные!A9 -> 4276 | B10: =[1]Данные!B9 -> 2017 | C10: =[1]Данные!C9 -> компьютерных технологий и электронного обучения | D10: =[1]Данные!D9 -> Готская Ирина Борисовна | E10: =[1]Данные!E9 -> доктор педагогических наук | F10: =[1]Данные!F9 -> профессор | G10: =[1]Данные!G9 -> 1 | H10: =[1]Данные!H9 -> 16006 | ... L10: =[1]Данные!L9 -> 60 | M10: =(J10 + K10 + L10)*0.1 -> 7.6 | N10: =2+(0.33*W10) -> 2 | O10: =0.25*W10 -> 0 | P10: =0.25*W10 -> 0 | Q10: =[1]Данные!Q9 -> 0 | R10: =[1]Данные!R9 -> 0 | S10: =[1]Данные!S9 -> 0 | T10: =[1]Данные!T9 -> 11 | U10: =[1]Данные!U9 -> 0 | V10: =[1]Данные!V9 -> 0 | W10: =[1]Данные!W9 -> 0 | X10: =[1]Данные!X9 -> 0 | ... AA10: =[1]Данные!AA9 -> осн | AB10: =SUMIFS($BN$4:$BN$11,$BM$4:$BM$11,F10) -> 750 | AC10: =IF(ISNUMBER(MATCH(H10,$AJ$5:$BK$5,0)),"ИВТ (бак)",IF(ISNUMBER(MATCH(H10,$AJ$6:$BK$6,0)),"КЭО (маг)","")) | AD10: =IFERROR(INDEX(AJ8:BK8, MATCH(H10, AJ11:BK12, 0), 1), "Не найдено") -> Не найдено | AE10: =SUM(J10:V10) -> 96.6 | AF10: =AE10/AB10 -> 0.1288 | AI10: курс | AJ10: 1 | AK10: 2 | AL10: 3 | AM10: 4 | AN10: 1 | AO10: 2 | AP10: 3 | AQ10: 4 | AR10: 1 | AS10: 2 | AT10: 3 | AU10: 4 | AV10: 1 | AW10: 2 | AX10: 3 | AY10: 4 | AZ10: 1 | BA10: 2 | BB10: 3 | BC10: 4 | BD10: 1 | BE10: 2 | BF10: 3 | BG10: 4 | BH10: 1 | BI10: 2 | BJ10: 3 | BK10: 4 | BM10: =[1]Данные!BG9 -> и.о.доцент | BN10: =[1]Данные!BH9 -> 900
A11: =[1]Данные!A10 -> 4277 | B11: =[1]Данные!B10 -> 2017 | C11: =[1]Данные!C10 -> компьютерных технологий и электронного обучения | D11: =[1]Данные!D10 -> Абрамян Геннадий Владимирович | E11: =[1]Данные!E10 -> доктор педагогических наук | F11: =[1]Данные!F10 -> профессор | G11: =[1]Данные!G10 -> 1 | H11: =[1]Данные!H10 -> 16005 | ... L11: =[1]Данные!L10 -> 54 | M11: =(J11 + K11 + L11)*0.1 -> 7.2 | N11: =2+(0.33*W11) -> 2 | O11: =0.25*W11 -> 0 | P11: =0.25*W11 -> 0 | Q11: =[1]Данные!Q10 -> 0 | R11: =[1]Данные!R10 -> 0 | S11: =[1]Данные!S10 -> 0 | T11: =[1]Данные!T10 -> 11 | U11: =[1]Данные!U10 -> 0 | V11: =[1]Данные!V10 -> 0 | W11: =[1]Данные!W10 -> 0 | X11: =[1]Данные!X10 -> 0 | ... AA11: =[1]Данные!AA10 -> осн | AB11: =SUMIFS($BN$4:$BN$11,$BM$4:$BM$11,F11) -> 750 | AC11: =IF(ISNUMBER(MATCH(H11,$AJ$5:$BK$5,0)),"ИВТ (бак)",IF(ISNUMBER(MATCH(H11,$AJ$6:$BK$6,0)),"КЭО (маг)","")) | AD11: =IFERROR(INDEX(AJ9:BK9, MATCH(H11, AJ12:BK13, 0), 1), "Не найдено") -> Не найдено | AE11: =SUM(J11:V11) -> 92.2 | AF11: =AE11/AB11 -> 0.12293333 | AI11: год поступления | AJ11: 2015 | AK11: 2014 | AL11: 2013 | AM11: 2012 | AN11: 2016 | AO11: 2015 | AP11: 2014 | AQ11: 2013 | AR11: 2017 | AS11: 2016 | AT11: 2015 | AU11: 2014 | AV11: 2018 | AW11: 2017 | AX11: 2016 | AY11: 2015 | AZ11: 2019 | BA11: 2018 | BB11: 2017 | BC11: 2016 | BD11: 2020 | BE11: 2019 | BF11: 2018 | BG11: 2017 | BH11: 2021 | BI11: 2020 | BJ11: 2019 | BK11: 2018 | BM11: =[1]Данные!BG10 -> внешний | BN11: =[1]Данные!BH10 -> 900
A12: =[1]Данные!A11 -> 4277 | B12: =[1]Данные!B11 -> 2018 | C12: =[1]Данные!C11 -> компьютерных технологий и электронного обучения | D12: =[1]Данные!D11 -> Абрамян Геннадий Владимирович | E12: =[1]Данные!E11 -> доктор педагогических наук | F12: =[1]Данные!F11 -> профессор | G12: =[1]Данные!G11 -> 1 | H12: =[1]Данные!H11 -> 17336 | ... L12: =[1]Данные!L11 -> 36 | M12: =(J12 + K12 + L12)*0.1 -> 3.6 | N12: =2+(0.33*W12) -> 2 | O12: =0.25*W12 -> 0 | P12: =0.25*W12 -> 0 | Q12: =[1]Данные!Q11 -> 0 | R12: =[1]Данные!R11 -> 0 | S12: =[1]Данные!S11 -> 0 | T12: =[1]Данные!T11 -> 11 | U12: =[1]Данные!U11 -> 0 | V12: =[1]Данные!V11 -> 0 | W12: =[1]Данные!W11 -> 0 | X12: =[1]Данные!X11 -> 0 | ... AA12: =[1]Данные!AA11 -> осн | AB12: =SUMIFS($BN$4:$BN$11,$BM$4:$BM$11,F12) -> 750 | AC12: =IF(ISNUMBER(MATCH(H12,$AJ$5:$BK$5,0)),"ИВТ (бак)",IF(ISNUMBER(MATCH(H12,$AJ$6:$BK$6,0)),"КЭО (маг)","")) | AD12: =IFERROR(INDEX(AJ10:BK10, MATCH(H12, AJ13:BK14, 0), 1), "Не найдено") -> Не найдено | AE12: =SUM(J12:V12) -> 52.6 | AF12: =AE12/AB12 -> 0.070133333 | AI12: Бакалавры (ИВТ) | AJ12: =[1]Данные!AD11 -> 13 | AK12: =[1]Данные!AE11 -> 15 | AL12: =[1]Данные!AF11 -> 34 | AM12: =[1]Данные!AG11 -> 54 | AN12: =[1]Данные!AH11 -> 27 | AO12: =[1]Данные!AI11 -> 31 | AP12: =[1]Данные!AJ11 -> 12 | AQ12: =[1]Данные!AK11 -> 23 | ... BK12: =[1]Данные!BE11 -> 39 | BM12: =[1]Данные!BG11 -> должность | BN12: =[1]Данные!BH11 -> 1
A13: =[1]Данные!A12 -> 4699 | B13: =[1]Данные!B12 -> 2016 | C13: =[1]Данные!C12 -> компьютерных технологий и электронного обучения | D13: =[1]Данные!D12 -> Полякова Наталия Александровна | E13: =[1]Данные!E12 -> кандидат педагогических наук | F13: =[1]Данные!F12 -> доцент | G13: =[1]Данные!G12 -> 1 | H13: =[1]Данные!H12 -> 15014 | ... L13: =[1]Данные!L12 -> 0 | M13: =(J13 + K13 + L13)*0.1 -> 4.1 | N13: =2+(0.33*W13) -> 2 | O13: =0.25*W13 -> 0 | P13: =0.25*W13 -> 0 | Q13: =[1]Данные!Q12 -> 0 | R13: =[1]Данные!R12 -> 0 | S13: =[1]Данные!S12 -> 0 | T13: =[1]Данные!T12 -> 6 | U13: =[1]Данные!U12 -> 0 | V13: =[1]Данные!V12 -> 0 | W13: =[1]Данные!W12 -> 0 | X13: =[1]Данные!X12 -> 0 | ... AA13: =[1]Данные!AA12 -> осн | AB13: =SUMIFS($BN$4:$BN$11,$BM$4:$BM$11,F13) -> 800 | AC13: =IF(ISNUMBER(MATCH(H13,$AJ$5:$BK$5,0)),"ИВТ (бак)",IF(ISNUMBER(MATCH(H13,$AJ$6:$BK$6,0)),"КЭО (маг)","")) | AD13: =IFERROR(INDEX(AJ11:BK11, MATCH(H13, AJ14:BK15, 0), 1), "Не найдено") -> Не найдено | AE13: =SUM(J13:V13) -> 53.1 | AF13: =AE13/AB13 -> 0.066375 | AI13: Магистры (КЭО) | AJ13: =[1]Данные!AD12 -> 11 | AK13: =[1]Данные!AE12 -> 60 | AL13: =[1]Данные!AF12 -> 0 | AM13: =[1]Данные!AG12 -> 0 | AN13: =[1]Данные!AH12 -> 12 | AO13: =[1]Данные!AI12 -> 42 | AP13: =[1]Данные!AJ12 -> 0 | AQ13: =[1]Данные!AK12 -> 0 | ... BK13: =[1]Данные!BE12 -> 0 | BM13: =[1]Данные!BG12 -> должность | BN13: =[1]Данные!BH12 -> 1
A14: =[1]Данные!A13 -> 4699 | B14: =[1]Данные!B13 -> 2018 | C14: =[1]Данные!C13 -> компьютерных технологий и электронного обучения | D14: =[1]Данные!D13 -> Абрамян Геннадий Владимирович | E14: =[1]Данные!E13 -> доктор педагогических наук | F14: =[1]Данные!F13 -> профессор | G14: =[1]Данные!G13 -> 1 | H14: =[1]Данные!H13 -> 17337 | ... L14: =[1]Данные!L13 -> 54 | M14: =(J14 + K14 + L14)*0.1 -> 7.2 | N14: =2+(0.33*W14) -> 2 | O14: =0.25*W14 -> 0 | P14: =0.25*W14 -> 0 | Q14: =[1]Данные!Q13 -> 0 | R14: =[1]Данные!R13 -> 0 | S14: =[1]Данные!S13 -> 0 | T14: =[1]Данные!T13 -> 10 | U14: =[1]Данные!U13 -> 0 | V14: =[1]Данные!V13 -> 0 | W14: =[1]Данные!W13 -> 0 | X14: =[1]Данные!X13 -> 0 | ... AA14: =[1]Данные!AA13 -> осн | AB14: =SUMIFS($BN$4:$BN$11,$BM$4:$BM$11,F14) -> 750 | AC14: =IF(ISNUMBER(MATCH(H14,$AJ$5:$BK$5,0)),"ИВТ (бак)",IF(ISNUMBER(MATCH(H14,$AJ$6:$BK$6,0)),"КЭО (маг)","")) | AD14: =IFERROR(INDEX(AJ12:BK12, MATCH(H14, AJ15:BK16, 0), 1), "Не найдено") -> Не найдено | AE14: =SUM(J14:V14) -> 91.2 | AF14: =AE14/AB14 -> 0.1216 | BM14: =[1]Данные!BG13 -> должность | BN14: =[1]Данные!BH13 -> 1
A15: =[1]Данные!A14 -> 4701 | B15: =[1]Данные!B14 -> 2016 | C15: =[1]Данные!C14 -> компьютерных технологий и электронного обучения | D15: =[1]Данные!D14 -> Аксютин Павел Александрович | E15: =[1]Данные!E14 -> нет | F15: =[1]Данные!F14 -> ассистент | G15: =[1]Данные!G14 -> 0.5 | H15: =[1]Данные!H14 -> 15313 | ... L15: =[1]Данные!L14 -> 0 | M15: =(J15 + K15 + L15)*0.1 -> 0 | N15: =2+(0.33*W15) -> 2 | O15: =0.25*W15 -> 0 | P15: =0.25*W15 -> 0 | Q15: =[1]Данные!Q14 -> 0 | R15: =[1]Данные!R14 -> 0 | S15: =[1]Данные!S14 -> 0 | T15: =[1]Данные!T14 -> 7 | U15: =[1]Данные!U14 -> 0 | V15: =[1]Данные!V14 -> 0 | W15: =[1]Данные!W14 -> 0 | X15: =[1]Данные!X14 -> 0 | ... AA15: =[1]Данные!AA14 -> осн | AB15: =SUMIFS($BN$4:$BN$11,$BM$4:$BM$11,F15) -> 900 | AC15: =IF(ISNUMBER(MATCH(H15,$AJ$5:$BK$5,0)),"ИВТ (бак)",IF(ISNUMBER(MATCH(H15,$AJ$6:$BK$6,0)),"КЭО (маг)","")) | AD15: =IFERROR(INDEX(AJ13:BK13, MATCH(H15, AJ16:BK17, 0), 1), "Не найдено") -> Не найдено | AE15: =SUM(J15:V15) -> 9 | AF15: =AE15/AB15 -> 0.01 | BM15: =[1]Данные!BG14 -> должность | BN15: =[1]Данные!BH14 -> 1
A16: =[1]Данные!A15 -> 4701 | B16: =[1]Данные!B15 -> 2016 | C16: =[1]Данные!C15 -> компьютерных технологий и электронного обучения | D16: =[1]Данные!D15 -> Власова Елена Зотиковна | E16: =[1]Данные!E15 -> доктор педагогических наук | F16: =[1]Данные!F15 -> заведующий кафедрой | G16: =[1]Данные!G15 -> 1 | H16: =[1]Данные!H15 -> 15313 | ... L16: =[1]Данные!L15 -> 0 | M16: =(J16 + K16 + L16)*0.1 -> 0.2 | N16: =2+(0.33*W16) -> 2 | O16: =0.25*W16 -> 0 | P16: =0.25*W16 -> 0 | Q16: =[1]Данные!Q15 -> 0 | R16: =[1]Данные!R15 -> 0 | S16: =[1]Данные!S15 -> 0 | T16: =[1]Данные!T15 -> 9 | U16: =[1]Данные!U15 -> 0 | V16: =[1]Данные!V15 -> 0 | W16: =[1]Данные!W15 -> 0 | X16: =[1]Данные!X15 -> 0 | ... AA16: =[1]Данные!AA15 -> осн | AB16: =SUMIFS($BN$4:$BN$11,$BM$4:$BM$11,F16) -> 700 | AC16: =IF(ISNUMBER(MATCH(H16,$AJ$5:$BK$5,0)),"ИВТ (бак)",IF(ISNUMBER(MATCH(H16,$AJ$6:$BK$6,0)),"КЭО (маг)","")) | AD16: =IFERROR(INDEX(AJ14:BK14, MATCH(H16, AJ17:BK18, 0), 1), "Не найдено") -> Не найдено | AE16: =SUM(J16:V16) -> 13.2 | AF16: =AE16/AB16 -> 0.018857143 | BM16: =[1]Данные!BG15 -> должность | BN16: =[1]Данные!BH15 -> 1
A17: =[1]Данные!A16 -> 4701 | B17: =[1]Данные!B16 -> 2016 | C17: =[1]Данные!C16 -> компьютерных технологий и электронного обучения | D17: =[1]Данные!D16 -> Гончарова Светлана Викторовна | E17: =[1]Данные!E16 -> кандидат педагогических наук | F17: =[1]Данные!F16 -> доцент | G17: =[1]Данные!G16 -> 1 | H17: =[1]Данные!H16 -> 15313 | ... L17: =[1]Данные!L16 -> 51 | M17: =(J17 + K17 + L17)*0.1 -> 8.3 | N17: =2+(0.33*W17) -> 2 | O17: =0.25*W17 -> 0 | P17: =0.25*W17 -> 0 | Q17: =[1]Данные!Q16 -> 0 | R17: =[1]Данные!R16 -> 0 | S17: =[1]Данные!S16 -> 0 | T17: =[1]Данные!T16 -> 4 | U17: =[1]Данные!U16 -> 0 | V17: =[1]Данные!V16 -> 0 | W17: =[1]Данные!W16 -> 0 | X17: =[1]Данные!X16 -> 0 | ... AA17: =[1]Данные!AA16 -> осн | AB17: =SUMIFS($BN$4:$BN$11,$BM$4:$BM$11,F17) -> 800 | AC17: =IF(ISNUMBER(MATCH(H17,$AJ$5:$BK$5,0)),"ИВТ (бак)",IF(ISNUMBER(MATCH(H17,$AJ$6:$BK$6,0)),"КЭО (маг)","")) | AD17: =IFERROR(INDEX(AJ15:BK15, MATCH(H17, AJ18:BK19, 0), 1), "Не найдено") -> Не найдено | AE17: =SUM(J17:V17) -> 97.3 | AF17: =AE17/AB17 -> 0.121625
A18: =[1]Данные!A17 -> 4701 | B18: =[1]Данные!B17 -> 2016 | C18: =[1]Данные!C17 -> компьютерных технологий и электронного обучения | D18: =[1]Данные!D17 -> Ильина Татьяна Сергеевна | E18: =[1]Данные!E17 -> нет | F18: =[1]Данные!F17 -> старший преподаватель | G18: =[1]Данные!G17 -> 1 | H18: =[1]Данные!H17 -> 15313 | ... L18: =[1]Данные!L17 -> 102 | M18: =(J18 + K18 + L18)*0.1 -> 10.2 | N18: =2+(0.33*W18) -> 2 | O18: =0.25*W18 -> 0 | P18: =0.25*W18 -> 0 | Q18: =[1]Данные!Q17 -> 0 | R18: =[1]Данные!R17 -> 0 | S18: =[1]Данные!S17 -> 0 | T18: =[1]Данные!T17 -> 10 | U18: =[1]Данные!U17 -> 0 | V18: =[1]Данные!V17 -> 0 | W18: =[1]Данные!W17 -> 0 | X18: =[1]Данные!X17 -> 0 | ... AA18: =[1]Данные!AA17 -> осн | AB18: =SUMIFS($BN$4:$BN$11,$BM$4:$BM$11,F18) -> 850 | AC18: =IF(ISNUMBER(MATCH(H18,$AJ$5:$BK$5,0)),"ИВТ (бак)",IF(ISNUMBER(MATCH(H18,$AJ$6:$BK$6,0)),"КЭО (маг)","")) | AD18: =IFERROR(INDEX(AJ16:BK16, MATCH(H18, AJ19:BK20, 0), 1), "Не найдено") -> Не найдено | AE18: =SUM(J18:V18) -> 124.2 | AF18: =AE18/AB18 -> 0.14611765
A19: =[1]Данные!A18 -> 4701 | B19: =[1]Данные!B18 -> 2016 | C19: =[1]Данные!C18 -> компьютерных технологий и электронного обучения | D19: =[1]Данные!D18 -> Карпова Наталья Александровна | E19: =[1]Данные!E18 -> кандидат технических наук | F19: =[1]Данные!F18 -> доцент | G19: =[1]Данные!G18 -> 0.5 | H19: =[1]Данные!H18 -> 15313 | ... L19: =[1]Данные!L18 -> 102 | M19: =(J19 + K19 + L19)*0.1 -> 11.9 | N19: =2+(0.33*W19) -> 2 | O19: =0.25*W19 -> 0 | P19: =0.25*W19 -> 0 | Q19: =[1]Данные!Q18 -> 0 | R19: =[1]Данные!R18 -> 0 | S19: =[1]Данные!S18 -> 0 | T19: =[1]Данные!T18 -> 12 | U19: =[1]Данные!U18 -> 0 | V19: =[1]Данные!V18 -> 0 | W19: =[1]Данные!W18 -> 0 | X19: =[1]Данные!X18 -> 0 | ... AA19: =[1]Данные!AA18 -> осн | AB19: =SUMIFS($BN$4:$BN$11,$BM$4:$BM$11,F19) -> 800 | AC19: =IF(ISNUMBER(MATCH(H19,$AJ$5:$BK$5,0)),"ИВТ (бак)",IF(ISNUMBER(MATCH(H19,$AJ$6:$BK$6,0)),"КЭО (маг)","")) | AD19: =IFERROR(INDEX(AJ17:BK17, MATCH(H19, AJ20:BK21, 0), 1), "Не найдено") -> Не найдено | AE19: =SUM(J19:V19) -> 144.9 | AF19: =AE19/AB19 -> 0.181125
A20: =[1]Данные!A19 -> 4755 | B20: =[1]Данные!B19 -> 2016 | C20: =[1]Данные!C19 -> компьютерных технологий и электронного обучения | D20: =[1]Данные!D19 -> Абрамян Геннадий Владимирович | E20: =[1]Данные!E19 -> доктор педагогических наук | F20: =[1]Данные!F19 -> профессор | G20: =[1]Данные!G19 -> 1 | H20: =[1]Данные!H19 -> 15058 | ... L20: =[1]Данные!L19 -> 72 | M20: =(J20 + K20 + L20)*0.1 -> 9 | N20: =2+(0.33*W20) -> 2 | O20: =0.25*W20 -> 0 | P20: =0.25*W20 -> 0 | Q20: =[1]Данные!Q19 -> 0 | R20: =[1]Данные!R19 -> 0 | S20: =[1]Данные!S19 -> 0 | T20: =[1]Данные!T19 -> 17 | U20: =[1]Данные!U19 -> 0 | V20: =[1]Данные!V19 -> 0 | W20: =[1]Данные!W19 -> 0 | X20: =[1]Данные!X19 -> 0 | ... AA20: =[1]Данные!AA19 -> осн | AB20: =SUMIFS($BN$4:$BN$11,$BM$4:$BM$11,F20) -> 750 | AC20: =IF(ISNUMBER(MATCH(H20,$AJ$5:$BK$5,0)),"ИВТ (бак)",IF(ISNUMBER(MATCH(H20,$AJ$6:$BK$6,0)),"КЭО (маг)","")) | AD20: =IFERROR(INDEX(AJ18:BK18, MATCH(H20, AJ21:BK22, 0), 1), "Не найдено") -> Не найдено | AE20: =SUM(J20:V20) -> 118 | AF20: =AE20/AB20 -> 0.15733333
A21: =[1]Данные!A20 -> 4755 | B21: =[1]Данные!B20 -> 2016 | C21: =[1]Данные!C20 -> компьютерных технологий и электронного обучения | D21: =[1]Данные!D20 -> Авксентьева Елена Юрьевна | E21: =[1]Данные!E20 -> кандидат педагогических наук | F21: =[1]Данные!F20 -> доцент | G21: =[1]Данные!G20 -> 1 | H21: =[1]Данные!H20 -> 15058 | ... L21: =[1]Данные!L20 -> 0 | M21: =(J21 + K21 + L21)*0.1 -> 9.6 | N21: =2+(0.33*W21) -> 2 | O21: =0.25*W21 -> 0 | P21: =0.25*W21 -> 0 | Q21: =[1]Данные!Q20 -> 0 | R21: =[1]Данные!R20 -> 0 | S21: =[1]Данные!S20 -> 0 | T21: =[1]Данные!T20 -> 12 | U21: =[1]Данные!U20 -> 0 | V21: =[1]Данные!V20 -> 0 | W21: =[1]Данные!W20 -> 0 | X21: =[1]Данные!X20 -> 0 | ... AA21: =[1]Данные!AA20 -> осн | AB21: =SUMIFS($BN$4:$BN$11,$BM$4:$BM$11,F21) -> 800 | AC21: =IF(ISNUMBER(MATCH(H21,$AJ$5:$BK$5,0)),"ИВТ (бак)",IF(ISNUMBER(MATCH(H21,$AJ$6:$BK$6,0)),"КЭО (маг)","")) | AD21: =IFERROR(INDEX(AJ19:BK19, MATCH(H21, AJ22:BK23, 0), 1), "Не найдено") -> Не найдено | AE21: =SUM(J21:V21) -> 119.6 | AF21: =AE21/AB21 -> 0.1495
A22: =[1]Данные!A21 -> 4755 | B22: =[1]Данные!B21 -> 2016 | C22: =[1]Данные!C21 -> компьютерных технологий и электронного обучения | D22: =[1]Данные!D21 -> Карпова Наталья Александровна | E22: =[1]Данные!E21 -> кандидат технических наук | F22: =[1]Данные!F21 -> доцент | G22: =[1]Данные!G21 -> 1 | H22: =[1]Данные!H21 -> 15058 | ... L22: =[1]Данные!L21 -> 0 | M22: =(J22 + K22 + L22)*0.1 -> 0 | N22: =2+(0.33*W22) -> 2 | O22: =0.25*W22 -> 0 | P22: =0.25*W22 -> 0 | Q22: =[1]Данные!Q21 -> 0 | R22: =[1]Данные!R21 -> 0 | S22: =[1]Данные!S21 -> 0 | T22: =[1]Данные!T21 -> 2 | U22: =[1]Данные!U21 -> 0 | V22: =[1]Данные!V21 -> 0 | W22: =[1]Данные!W21 -> 0 | X22: =[1]Данные!X21 -> 0 | ... AA22: =[1]Данные!AA21 -> осн | AB22: =SUMIFS($BN$4:$BN$11,$BM$4:$BM$11,F22) -> 800 | AC22: =IF(ISNUMBER(MATCH(H22,$AJ$5:$BK$5,0)),"ИВТ (бак)",IF(ISNUMBER(MATCH(H22,$AJ$6:$BK$6,0)),"КЭО (маг)","")) | AD22: =IFERROR(INDEX(AJ20:BK20, MATCH(H22, AJ23:BK24, 0), 1), "Не найдено") -> Не найдено | AE22: =SUM(J22:V22) -> 4 | AF22: =AE22/AB22 -> 0.005
A23: =[1]Данные!A22 -> 4755 | B23: =[1]Данные!B22 -> 2016 | C23: =[1]Данные!C22 -> компьютерных технологий и электронного обучения | D23: =[1]Данные!D22 -> Полякова Наталия Александровна | E23: =[1]Данные!E22 -> кандидат педагогических наук | F23: =[1]Данные!F22 -> доцент | G23: =[1]Данные!G22 -> 1 | H23: =[1]Данные!H22 -> 15058 | ... L23: =[1]Данные!L22 -> 0 | M23: =(J23 + K23 + L23)*0.1 -> 0.9 | N23: =2+(0.33*W23) -> 2 | O23: =0.25*W23 -> 0 | P23: =0.25*W23 -> 0 | Q23: =[1]Данные!Q22 -> 0 | R23: =[1]Данные!R22 -> 0 | S23: =[1]Данные!S22 -> 0 | T23: =[1]Данные!T22 -> 0 | U23: =[1]Данные!U22 -> 0 | V23: =[1]Данные!V22 -> 0 | W23: =[1]Данные!W22 -> 0 | X23: =[1]Данные!X22 -> 0 | ... AA23: =[1]Данные!AA22 -> осн | AB23: =SUMIFS($BN$4:$BN$11,$BM$4:$BM$11,F23) -> 800 | AC23: =IF(ISNUMBER(MATCH(H23,$AJ$5:$BK$5,0)),"ИВТ (бак)",IF(ISNUMBER(MATCH(H23,$AJ$6:$BK$6,0)),"КЭО (маг)","")) | AD23: =IFERROR(INDEX(AJ21:BK21, MATCH(H23, AJ24:BK25, 0), 1), "Не найдено") -> Не найдено | AE23: =SUM(J23:V23) -> 11.9 | AF23: =AE23/AB23 -> 0.014875
A24: =[1]Данные!A23 -> 4755 | B24: =[1]Данные!B23 -> 2017 | C24: =[1]Данные!C23 -> компьютерных технологий и электронного обучения | D24: =[1]Данные!D23 -> Готская Ирина Борисовна | E24: =[1]Данные!E23 -> доктор педагогических наук | F24: =[1]Данные!F23 -> профессор | G24: =[1]Данные!G23 -> 1 | H24: =[1]Данные!H23 -> 16007 | ... L24: =[1]Данные!L23 -> 160 | M24: =(J24 + K24 + L24)*0.1 -> 19.2 | N24: =2+(0.33*W24) -> 2 | O24: =0.25*W24 -> 0 | P24: =0.25*W24 -> 0 | Q24: =[1]Данные!Q23 -> 0 | R24: =[1]Данные!R23 -> 0 | S24: =[1]Данные!S23 -> 0 | T24: =[1]Данные!T23 -> 22 | U24: =[1]Данные!U23 -> 0 | V24: =[1]Данные!V23 -> 0 | W24: =[1]Данные!W23 -> 0 | X24: =[1]Данные!X23 -> 0 | ... AA24: =[1]Данные!AA23 -> осн | AB24: =SUMIFS($BN$4:$BN$11,$BM$4:$BM$11,F24) -> 750 | AC24: =IF(ISNUMBER(MATCH(H24,$AJ$5:$BK$5,0)),"ИВТ (бак)",IF(ISNUMBER(MATCH(H24,$AJ$6:$BK$6,0)),"КЭО (маг)","")) | AD24: =IFERROR(INDEX(AJ22:BK22, MATCH(H24, AJ25:BK26, 0), 1), "Не найдено") -> Не найдено | AE24: =SUM(J24:V24) -> 235.2 | AF24: =AE24/AB24 -> 0.3136
A25: =[1]Данные!A24 -> 4755 | B25: =[1]Данные!B24 -> 2018 | C25: =[1]Данные!C24 -> компьютерных технологий и электронного обучения | D25: =[1]Данные!D24 -> Готская Ирина Борисовна | E25: =[1]Данные!E24 -> доктор педагогических наук | F25: =[1]Данные!F24 -> профессор | G25: =[1]Данные!G24 -> 0.75 | H25: =[1]Данные!H24 -> 17235 | ... L25: =[1]Данные!L24 -> 80 | M25: =(J25 + K25 + L25)*0.1 -> 9.6 | N25: =2+(0.33*W25) -> 2 | O25: =0.25*W25 -> 0 | P25: =0.25*W25 -> 0 | Q25: =[1]Данные!Q24 -> 0 | R25: =[1]Данные!R24 -> 0 | S25: =[1]Данные!S24 -> 0 | T25: =[1]Данные!T24 -> 13 | U25: =[1]Данные!U24 -> 0 | V25: =[1]Данные!V24 -> 0 | W25: =[1]Данные!W24 -> 0 | X25: =[1]Данные!X24 -> 0 | ... AA25: =[1]Данные!AA24 -> осн | AB25: =SUMIFS($BN$4:$BN$11,$BM$4:$BM$11,F25) -> 750 | AC25: =IF(ISNUMBER(MATCH(H25,$AJ$5:$BK$5,0)),"ИВТ (бак)",IF(ISNUMBER(MATCH(H25,$AJ$6:$BK$6,0)),"КЭО (маг)","")) | AD25: =IFERROR(INDEX(AJ23:BK23, MATCH(H25, AJ26:BK27, 0), 1), "Не найдено") -> Не найдено | AE25: =SUM(J25:V25) -> 120.6 | AF25: =AE25/AB25 -> 0.1608
A26: =[1]Данные!A25 -> 4848 | B26: =[1]Данные!B25 -> 2015 | C26: =[1]Данные!C25 -> компьютерных технологий и электронного обучения | D26: =[1]Данные!D25 -> Абрамян Геннадий Владимирович | E26: =[1]Данные!E25 -> доктор педагогических наук | F26: =[1]Данные!F25 -> профессор | G26: =[1]Данные!G25 -> 1 | H26: =[1]Данные!H25 -> 14014 | ... L26: =[1]Данные!L25 -> 42 | M26: =(J26 + K26 + L26)*0.1 -> 8.4 | N26: =2+(0.33*W26) -> 2 | O26: =0.25*W26 -> 0 | P26: =0.25*W26 -> 0 | Q26: =[1]Данные!Q25 -> 0 | R26: =[1]Данные!R25 -> 0 | S26: =[1]Данные!S25 -> 0 | T26: =[1]Данные!T25 -> 0 | U26: =[1]Данные!U25 -> 0 | V26: =[1]Данные!V25 -> 0 | W26: =[1]Данные!W25 -> 0 | X26: =[1]Данные!X25 -> 0 | ... AA26: =[1]Данные!AA25 -> осн | AB26: =SUMIFS($BN$4:$BN$11,$BM$4:$BM$11,F26) -> 750 | AC26: =IF(ISNUMBER(MATCH(H26,$AJ$5:$BK$5,0)),"ИВТ (бак)",IF(ISNUMBER(MATCH(H26,$AJ$6:$BK$6,0)),"КЭО (маг)","")) -> ИВТ (бак) | AD26: =IFERROR(INDEX(AJ24:BK24, MATCH(H26, AJ27:BK28, 0), 1), "Не найдено") -> Не найдено | AE26: =SUM(J26:V26) -> 94.4 | AF26: =AE26/AB26 -> 0.12586667
A27: =[1]Данные!A26 -> 4848 | B27: =[1]Данные!B26 -> 2015 | C27: =[1]Данные!C26 -> компьютерных технологий и электронного обучения | D27: =[1]Данные!D26 -> Власова Елена Зотиковна | E27: =[1]Данные!E26 -> доктор педагогических наук | F27: =[1]Данные!F26 -> заведующий кафедрой | G27: =[1]Данные!G26 -> 1 | H27: =[1]Данные!H26 -> 14014 | ... L27: =[1]Данные!L26 -> 0 | M27: =(J27 + K27 + L27)*0.1 -> 3.4 | N27: =2+(0.33*W27) -> 2 | O27: =0.25*W27 -> 0 | P27: =0.25*W27 -> 0 | Q27: =[1]Данные!Q26 -> 0 | R27: =[1]Данные!R26 -> 0 | S27: =[1]Данные!S26 -> 0 | T27: =[1]Данные!T26 -> 0 | U27: =[1]Данные!U26 -> 0 | V27: =[1]Данные!V26 -> 0 | W27: =[1]Данные!W26 -> 0 | X27: =[1]Данные!X26 -> 0 | ... AA27: =[1]Данные!AA26 -> осн | AB27: =SUMIFS($BN$4:$BN$11,$BM$4:$BM$11,F27) -> 700 | AC27: =IF(ISNUMBER(MATCH(H27,$AJ$5:$BK$5,0)),"ИВТ (бак)",IF(ISNUMBER(MATCH(H27,$AJ$6:$BK$6,0)),"КЭО (маг)","")) -> ИВТ (бак) | AD27: =IFERROR(INDEX(AJ25:BK25, MATCH(H27, AJ28:BK29, 0), 1), "Не найдено") -> Не найдено | AE27: =SUM(J27:V27) -> 39.4 | AF27: =AE27/AB27 -> 0.056285714
A28: =[1]Данные!A27 -> 4848 | B28: =[1]Данные!B27 -> 2015 | C28: =[1]Данные!C27 -> компьютерных технологий и электронного обучения | D28: =[1]Данные!D27 -> Власова Елена Зотиковна | E28: =[1]Данные!E27 -> доктор педагогических наук | F28: =[1]Данные!F27 -> заведующий кафедрой | G28: =[1]Данные!G27 -> 1 | H28: =[1]Данные!H27 -> 14014 | ... L28: =[1]Данные!L27 -> 23 | M28: =(J28 + K28 + L28)*0.1 -> 3.6 | N28: =2+(0.33*W28) -> 2 | O28: =0.25*W28 -> 0 | P28: =0.25*W28 -> 0 | Q28: =[1]Данные!Q27 -> 0 | R28: =[1]Данные!R27 -> 0 | S28: =[1]Данные!S27 -> 0 | T28: =[1]Данные!T27 -> 0 | U28: =[1]Данные!U27 -> 0 | V28: =[1]Данные!V27 -> 0 | W28: =[1]Данные!W27 -> 0 | X28: =[1]Данные!X27 -> 0 | ... AA28: =[1]Данные!AA27 -> осн | AB28: =SUMIFS($BN$4:$BN$11,$BM$4:$BM$11,F28) -> 700 | AC28: =IF(ISNUMBER(MATCH(H28,$AJ$5:$BK$5,0)),"ИВТ (бак)",IF(ISNUMBER(MATCH(H28,$AJ$6:$BK$6,0)),"КЭО (маг)","")) -> ИВТ (бак) | AD28: =IFERROR(INDEX(AJ26:BK26, MATCH(H28, AJ29:BK30, 0), 1), "Не найдено") -> Не найдено | AE28: =SUM(J28:V28) -> 41.6 | AF28: =AE28/AB28 -> 0.059428571
... A863: =[1]Данные!A862 -> 4848 | B863: =[1]Данные!B862 -> 2019 | C863: =[1]Данные!C862 -> современных европейских языков | D863: =[1]Данные!D862 -> Швинк Лоренс Ричард | E863: =[1]Данные!E862 -> нет | F863: =[1]Данные!F862 -> старший преподаватель | G863: =[1]Данные!G862 -> 0.37 | H863: =[1]Данные!H862 -> 4 курс 2016 год/пост | ... L863: =[1]Данные!L862 -> 0 | M863: =(J863 + K863 + L863)*0.1 -> 3.6 | N863: =2+(0.33*W863) -> 2 | O863: =0.25*W863 -> 0 | P863: =0.25*W863 -> 0 | Q863: =[1]Данные!Q862 -> 0 | R863: =[1]Данные!R862 -> 0 | S863: =[1]Данные!S862 -> 0 | T863: =[1]Данные!T862 -> 4 | U863: =[1]Данные!U862 -> 0 | V863: =[1]Данные!V862 -> 0 | W863: =[1]Данные!W862 -> 0 | X863: =[1]Данные!X862 -> 0 | ... AA863: =[1]Данные!AA862 -> осн | AB863: =SUMIFS($BN$4:$BN$11,$BM$4:$BM$11,F863) -> 850 | AC863: =IF(ISNUMBER(MATCH(H863,$AJ$5:$BK$5,0)),"ИВТ (бак)",IF(ISNUMBER(MATCH(H863,$AJ$6:$BK$6,0)),"КЭО (маг)","")) -> ИВТ (бак) | AD863: =IFERROR(INDEX(AJ861:BK861, MATCH(H863, AJ864:BK865, 0), 1), "Не найдено") -> Не найдено | AE863: =SUM(J863:V863) -> 45.6 | AF863: =AE863/AB863 -> 0.053647059

Sheet Преподаватели
A1: Абдуллаева Любовь Магомедовна | C1: {=TRANSPOSE(A1:A75)} -> Абдуллаева Любовь Магомедовна | D1: Абрамян Геннадий Владимирович | E1: Авксентьева Елена Юрьевна | F1: Акимов Станислав Сергеевич | G1: Аксютин Павел Александрович | H1: Атаян Ануш Михайловна | I1: Байгузева Александра Петровна | J1: Барченко Сергей Алексеевич | K1: Бендюкова Татьяна Савельевна | L1: Богатова Елена Владимировна | M1: Бочковская Виктория Леонидовна | N1: Васильев Сергей Васильевич | O1: Василькова Ирина Генриховна | P1: Васютина Ирина Павловна | Q1: Власов Дмитрий Викторович | R1: Власова Елена Зотиковна | S1: Воробьев Владимир Иванович | T1: Гасумянц Виталий Эдуардович | U1: Гончарко Дмитрий Николаевич | V1: Гончарова Светлана Викторовна | W1: Государев Илья Борисович | X1: Готская Ирина Борисовна | Y1: Дулин Юрий Николаевич | Z1: Еремина Нелли Владимировна | AA1: Ерошкина Ольга Николаевна | AB1: Есипова Александра Анатольевна | AC1: Жаркой Александр Борисович | AD1: Жуков Николай Николаевич | AE1: Жукова Татьяна Викторовна | AF1: Земляницин Владимир Александрович | AG1: Зюкин Анатолий Васильевич | AH1: Иванов Георгий Владимирович | AI1: Иванова Екатерина Алексеевна | AJ1: Ильина Татьяна Сергеевна | AK1: Карпова Наталья Александровна | AL1: Качоровская Анна Евгеньевна | AM1: Колдунов Андрей Витальевич | AN1: Кондаков Юрий Евгеньевич | AO1: Копыльцов Александр Васильевич | AP1: Косова Ирина Святославна | AQ1: Кравченко Наталия Николаевна | AR1: Кудрявцева Наталья Фаддеевна | AS1: Кужельная Оксана Владимировна | AT1: Кузнецова Надежда Леонидовна | AU1: Лапина Ирина Александровна | AV1: Левина Ирина Николаевна | AW1: Лужков Александр Альбертович | AX1: Любимов Александр Владимирович | AY1: Маслов Вадим Владимирович | AZ1: Матюшичев Илья Юрьевич | BA1: Михайлов Александр Борисович | BB1: Николаева Наталья Викторовна | BC1: Пальтиель Лев Романович | BD1: Пантелеева Людмила Валентиновна | BE1: Певзнер Игорь Михайлович | BF1: Пентина Анна Юрьевна | BG1: Полякова Наталия Александровна | BH1: Порязь Надежда Вадимовна | BI1: Поспелов Михаил Владимирович | BJ1: Пую Юлия Валерьевна | BK1: Разуваев Николай Викторович | BL1: Райкова Вера Алексеевна | BM1: Рудаков Леонид Ильич | BN1: Серегин Александр Николаевич | BO1: Серегин Павел Павлович | BP1: Силантьев Евгений Евгеньевич | BQ1: Смирнов Александр Михайлович | BR1: Тарамжина Людмила Витольдовна | BS1: Тихонова Анастасия Михайловна | BT1: Хахалина Марина Сергеевна | BU1: Хинич Иосиф Исаакович | BV1: Шалденкова Анна Владимировна | BW1: Шангин Андрей Борисович | BX1: Швецкий Михаил Владимирович | BY1: Швинк Лоренс Ричард
A2: Абрамян Геннадий Владимирович
A3: Авксентьева Елена Юрьевна
A4: Акимов Станислав Сергеевич
A5: Аксютин Павел Александрович
A6: Атаян Ануш Михайловна
A7: Байгузева Александра Петровна
A8: Барченко Сергей Алексеевич
A9: Бендюкова Татьяна Савельевна
A10: Богатова Елена Владимировна
A11: Бочковская Виктория Леонидовна
A12: Васильев Сергей Васильевич
A13: Василькова Ирина Генриховна
... A75: Швинк Лоренс Ричард
