Workbook

Sheet Физика
A1: Журнал успеваемости по физике
A3: № п/п | B3: Фамилия | C3: Имя | D3: Даты | S3: Самостоятельные работы | Z3: Средний балл | AA3: Итоговая отметка
D4: 44683 | E4: 44685 | F4: 44687 | G4: =D4+7 -> 44690 | H4: =E4+7 -> 44692 | I4: =F4+7 -> 44694 | J4: =G4+7 -> 44697 | K4: =H4+7 -> 44699 | L4: =I4+7 -> 44701 | M4: =J4+7 -> 44704 | N4: =K4+7 -> 44706 | ... R4: =O4+7 -> 44715 | S4: С/р 1 | T4: С/р 2 | U4: С/р 3 | V4: С/р 4 | W4: С/р 5 | X4: С/р 6 | Y4: С/р 7
A5: 1 | B5: Богданович | C5: Руслан | E5: 2 | F5: 3 | G5: н | H5: 2 | J5: 4 | M5: н | P5: 2 | Q5: 2 | S5: 5 | T5: 3 | U5: 2 | V5: 4 | W5: 2 | X5: 3 | Y5: 5 | Z5: =ROUND(AVERAGE(D5:Y5),1) -> 3 | AA5: =IF(Z5>4.4,5,IF(Z5>3.4,4,IF(Z5>2.4,3,2))) -> 3
A6: 2 | B6: Гринченко | C6: Даниил | D6: 5 | L6: 5 | O6: 5 | R6: 2 | S6: 3 | T6: 5 | U6: н | V6: 3 | W6: н | X6: 2 | Y6: 3 | Z6: =ROUND(AVERAGE(D6:Y6),1) -> 3.7 | AA6: =IF(Z6>4.4,5,IF(Z6>3.4,4,IF(Z6>2.4,3,2))) -> 4
A7: 3 | B7: Белякова | C7: Дарья | E7: н | G7: 3 | I7: н | K7: 2 | M7: 3 | Q7: н | S7: 5 | T7: н | U7: 4 | V7: 4 | W7: 5 | X7: 2 | Y7: 4 | Z7: =ROUND(AVERAGE(D7:Y7),1) -> 3.6 | AA7: =IF(Z7>4.4,5,IF(Z7>3.4,4,IF(Z7>2.4,3,2))) -> 4
A8: 4 | B8: Меленевский | C8: Андрей | D8: 5 | H8: 4 | M8: н | O8: н | P8: 5 | R8: 5 | S8: 5 | T8: 4 | U8: 5 | V8: 4 | W8: 4 | X8: 5 | Y8: 3 | Z8: =ROUND(AVERAGE(D8:Y8),1) -> 4.5 | AA8: =IF(Z8>4.4,5,IF(Z8>3.4,4,IF(Z8>2.4,3,2))) -> 5
A9: 5 | B9: Николаев | C9: Владислав | F9: 4 | J9: 4 | K9: н | N9: 4 | S9: 4 | T9: 3 | U9: 4 | V9: н | W9: 5 | X9: 3 | Y9: н | Z9: =ROUND(AVERAGE(D9:Y9),1) -> 3.9 | AA9: =IF(Z9>4.4,5,IF(Z9>3.4,4,IF(Z9>2.4,3,2))) -> 4
A10: 6 | B10: Овсянников | C10: Марк | F10: н | H10: 4 | I10: 2 | J10: н | M10: 2 | P10: н | Q10: 2 | S10: 2 | T10: 2 | U10: н | V10: 2 | W10: 3 | X10: н | Y10: 3 | Z10: =ROUND(AVERAGE(D10:Y10),1) -> 2.4 | AA10: =IF(Z10>4.4,5,IF(Z10>3.4,4,IF(Z10>2.4,3,2))) -> 2
A11: 7 | B11: Симонов | C11: Сергей | E11: 3 | G11: 2 | J11: 4 | K11: 2 | L11: н | M11: н | O11: 5 | Q11: 3 | S11: 3 | T11: 2 | U11: н | V11: 2 | W11: 4 | X11: 5 | Y11: 2 | Z11: =ROUND(AVERAGE(D11:Y11),1) -> 3.1 | AA11: =IF(Z11>4.4,5,IF(Z11>3.4,4,IF(Z11>2.4,3,2))) -> 3
A12: 8 | B12: Сироткин | C12: Кирилл | D12: 2 | G12: н | I12: 4 | K12: н | M12: 4 | N12: н | P12: 4 | Q12: 4 | R12: н | S12: 4 | T12: 4 | U12: 5 | V12: 3 | W12: 2 | X12: 4 | Y12: 2 | Z12: =ROUND(AVERAGE(D12:Y12),1) -> 3.5 | AA12: =IF(Z12>4.4,5,IF(Z12>3.4,4,IF(Z12>2.4,3,2))) -> 4
A13: 9 | B13: Стецук | C13: Максим | D13: 5 | E13: н | F13: 5 | H13: 4 | K13: н | L13: 5 | O13: 5 | R13: 5 | S13: 4 | T13: 5 | U13: 4 | V13: 5 | W13: 4 | X13: 5 | Y13: 4 | Z13: =ROUND(AVERAGE(D13:Y13),1) -> 4.6 | AA13: =IF(Z13>4.4,5,IF(Z13>3.4,4,IF(Z13>2.4,3,2))) -> 5
A14: 10 | B14: Шундиков | C14: Даниил | E14: н | F14: н | G14: 3 | J14: 4 | K14: н | M14: 5 | N14: н | O14: н | P14: 2 | R14: 5 | S14: 5 | T14: 3 | U14: н | V14: 3 | W14: н | X14: 3 | Y14: 3 | Z14: =ROUND(AVERAGE(D14:Y14),1) -> 3.6 | AA14: =IF(Z14>4.4,5,IF(Z14>3.4,4,IF(Z14>2.4,3,2))) -> 4

Sheet Статистика
A1: Статистика
A3: № п/п | B3: Фамилия Имя | C3: Итоговая отметка | D3: Ранг | F3: Год рождения
A4: 1 | B4: =CONCATENATE(Физика!B5," ",Физика!C5) -> Богданович Руслан | C4: =Физика!AA5 -> 3 | D4: =RANK(C4,$C$4:$C$13) -> 8 | F4: 1999
A5: 2 | B5: =CONCATENATE(Физика!B6," ",Физика!C6) -> Гринченко Даниил | C5: =Физика!AA6 -> 4 | D5: =RANK(C5,$C$4:$C$13) -> 3 | F5: 1998
A6: 3 | B6: =CONCATENATE(Физика!B7," ",Физика!C7) -> Белякова Дарья | C6: =Физика!AA7 -> 4 | D6: =RANK(C6,$C$4:$C$13) -> 3 | F6: 1997
A7: 4 | B7: =CONCATENATE(Физика!B8," ",Физика!C8) -> Меленевский Андрей | C7: =Физика!AA8 -> 5 | D7: =RANK(C7,$C$4:$C$13) -> 1 | F7: 1998
A8: 5 | B8: =CONCATENATE(Физика!B9," ",Физика!C9) -> Николаев Владислав | C8: =Физика!AA9 -> 4 | D8: =RANK(C8,$C$4:$C$13) -> 3 | F8: 1997
A9: 6 | B9: =CONCATENATE(Физика!B10," ",Физика!C10) -> Овсянников Марк | C9: =Физика!AA10 -> 2 | D9: =RANK(C9,$C$4:$C$13) -> 10 | F9: 1998
A10: 7 | B10: =CONCATENATE(Физика!B11," ",Физика!C11) -> Симонов Сергей | C10: =Физика!AA11 -> 3 | D10: =RANK(C10,$C$4:$C$13) -> 8 | F10: 1999
A11: 8 | B11: =CONCATENATE(Физика!B12," ",Физика!C12) -> Сироткин Кирилл | C11: =Физика!AA12 -> 4 | D11: =RANK(C11,$C$4:$C$13) -> 3 | F11: 1998
A12: 9 | B12: =CONCATENATE(Физика!B13," ",Физика!C13) -> Стецук Максим | C12: =Физика!AA13 -> 5 | D12: =RANK(C12,$C$4:$C$13) -> 1 | F12: 1999
A13: 10 | B13: =CONCATENATE(Физика!B14," ",Физика!C14) -> Шундиков Даниил | C13: =Физика!AA14 -> 4 | D13: =RANK(C13,$C$4:$C$13) -> 3 | F13: 1997
A16: Отчёт по самостоятельным работам
A18: № п/п | B18: Фамилия Имя | C18: С/р 1 | D18: С/р 2 | E18: С/р 3 | F18: С/р 4 | G18: С/р 5 | H18: С/р 6 | I18: С/р 7 | J18: Осталось сдать С/р
A19: 1 | B19: =B4 -> Богданович Руслан | C19: =Физика!S5 -> 5 | D19: =Физика!T5 -> 3 | E19: =Физика!U5 -> 2 | F19: =Физика!V5 -> 4 | G19: =Физика!W5 -> 2 | H19: =Физика!X5 -> 3 | I19: =Физика!Y5 -> 5 | J19: =COUNTIF(C19:I19,"н")+COUNTIF(C19:I19,"")+COUNTIF(C19:I19,"2") -> 2
A20: 2 | B20: =B5 -> Гринченко Даниил | C20: =Физика!S6 -> 3 | D20: =Физика!T6 -> 5 | E20: =Физика!U6 -> н | F20: =Физика!V6 -> 3 | G20: =Физика!W6 -> н | H20: =Физика!X6 -> 2 | I20: =Физика!Y6 -> 3 | J20: =COUNTIF(C20:I20,"н")+COUNTIF(C20:I20,"")+COUNTIF(C20:I20,"2") -> 3
A21: 3 | B21: =B6 -> Белякова Дарья | C21: =Физика!S7 -> 5 | D21: =Физика!T7 -> н | E21: =Физика!U7 -> 4 | F21: =Физика!V7 -> 4 | G21: =Физика!W7 -> 5 | H21: =Физика!X7 -> 2 | I21: =Физика!Y7 -> 4 | J21: =COUNTIF(C21:I21,"н")+COUNTIF(C21:I21,"")+COUNTIF(C21:I21,"2") -> 2
A22: 4 | B22: =B7 -> Меленевский Андрей | C22: =Физика!S8 -> 5 | D22: =Физика!T8 -> 4 | E22: =Физика!U8 -> 5 | F22: =Физика!V8 -> 4 | G22: =Физика!W8 -> 4 | H22: =Физика!X8 -> 5 | I22: =Физика!Y8 -> 3 | J22: =COUNTIF(C22:I22,"н")+COUNTIF(C22:I22,"")+COUNTIF(C22:I22,"2") -> 0
A23: 5 | B23: =B8 -> Николаев Владислав | C23: =Физика!S9 -> 4 | D23: =Физика!T9 -> 3 | E23: =Физика!U9 -> 4 | F23: =Физика!V9 -> н | G23: =Физика!W9 -> 5 | H23: =Физика!X9 -> 3 | I23: =Физика!Y9 -> н | J23: =COUNTIF(C23:I23,"н")+COUNTIF(C23:I23,"")+COUNTIF(C23:I23,"2") -> 2
A24: 6 | B24: =B9 -> Овсянников Марк | C24: =Физика!S10 -> 2 | D24: =Физика!T10 -> 2 | E24: =Физика!U10 -> н | F24: =Физика!V10 -> 2 | G24: =Физика!W10 -> 3 | H24: =Физика!X10 -> н | I24: =Физика!Y10 -> 3 | J24: =COUNTIF(C24:I24,"н")+COUNTIF(C24:I24,"")+COUNTIF(C24:I24,"2") -> 5
A25: 7 | B25: =B10 -> Симонов Сергей | C25: =Физика!S11 -> 3 | D25: =Физика!T11 -> 2 | E25: =Физика!U11 -> н | F25: =Физика!V11 -> 2 | G25: =Физика!W11 -> 4 | H25: =Физика!X11 -> 5 | I25: =Физика!Y11 -> 2 | J25: =COUNTIF(C25:I25,"н")+COUNTIF(C25:I25,"")+COUNTIF(C25:I25,"2") -> 4
A26: 8 | B26: =B11 -> Сироткин Кирилл | C26: =Физика!S12 -> 4 | D26: =Физика!T12 -> 4 | E26: =Физика!U12 -> 5 | F26: =Физика!V12 -> 3 | G26: =Физика!W12 -> 2 | H26: =Физика!X12 -> 4 | I26: =Физика!Y12 -> 2 | J26: =COUNTIF(C26:I26,"н")+COUNTIF(C26:I26,"")+COUNTIF(C26:I26,"2") -> 2
A27: 9 | B27: =B12 -> Стецук Максим | C27: =Физика!S13 -> 4 | D27: =Физика!T13 -> 5 | E27: =Физика!U13 -> 4 | F27: =Физика!V13 -> 5 | G27: =Физика!W13 -> 4 | H27: =Физика!X13 -> 5 | I27: =Физика!Y13 -> 4 | J27: =COUNTIF(C27:I27,"н")+COUNTIF(C27:I27,"")+COUNTIF(C27:I27,"2") -> 0
A28: 10 | B28: =B13 -> Шундиков Даниил | C28: =Физика!S14 -> 5 | D28: =Физика!T14 -> 3 | E28: =Физика!U14 -> н | F28: =Физика!V14 -> 3 | G28: =Физика!W14 -> н | H28: =Физика!X14 -> 3 | I28: =Физика!Y14 -> 3 | J28: =COUNTIF(C28:I28,"н")+COUNTIF(C28:I28,"")+COUNTIF(C28:I28,"2") -> 2
C31: Количество отметок
B32: 5 | C32: {=FREQUENCY(C19:C28,$B$32:$B$35)} -> 4 | D32: {=FREQUENCY(D19:D28,$B$32:$B$35)} -> 2 | E32: {=FREQUENCY(E19:E28,$B$32:$B$35)} -> 2 | F32: {=FREQUENCY(F19:F28,$B$32:$B$35)} -> 1 | G32: {=FREQUENCY(G19:G28,$B$32:$B$35)} -> 2 | H32: {=FREQUENCY(H19:H28,$B$32:$B$35)} -> 3 | I32: {=FREQUENCY(I19:I28,$B$32:$B$35)} -> 1
B33: 4 | C33: 3 | D33: 2 | E33: 3 | F33: 3 | G33: 3 | H33: 1 | I33: 2
B34: 3 | C34: 2 | D34: 3 | E34: 0 | F34: 3 | G34: 1 | H34: 3 | I34: 4
B35: 2 | C35: 1 | D35: 2 | E35: 1 | F35: 2 | G35: 2 | H35: 2 | I35: 2
B37: Всего учеников | C37: =SUM(C32:C35) -> 10 | D37: =SUM(D32:D35) -> 9 | E37: =SUM(E32:E35) -> 6 | F37: =SUM(F32:F35) -> 9 | G37: =SUM(G32:G35) -> 8 | H37: =SUM(H32:H35) -> 9 | I37: =SUM(I32:I35) -> 9
A39: Качественная успеваемость (качество знаний) | C39: =((C32+C33)*100%)/C37 -> 0.7 | D39: =((D32+D33)*100%)/D37 -> 0.44444444 | E39: =((E32+E33)*100%)/E37 -> 0.83333333 | F39: =((F32+F33)*100%)/F37 -> 0.44444444 | G39: =((G32+G33)*100%)/G37 -> 0.625 | H39: =((H32+H33)*100%)/H37 -> 0.44444444 | I39: =((I32+I33)*100%)/I37 -> 0.33333333
A40: Абсолютная успеваемость (процент успеваемости) | C40: =(SUM(C32:C34)*100%)/10 -> 0.9 | D40: =(SUM(D32:D34)*100%)/10 -> 0.7 | E40: =(SUM(E32:E34)*100%)/10 -> 0.5 | F40: =(SUM(F32:F34)*100%)/10 -> 0.7 | G40: =(SUM(G32:G34)*100%)/10 -> 0.6 | H40: =(SUM(H32:H34)*100%)/10 -> 0.7 | I40: =(SUM(I32:I34)*100%)/10 -> 0.7
